start,end,line,unformatted,segments,ref_start,ref_end,common_number
13.831,16.4,-1,mix：よしけん,"[(6, 'mix：よしけん')]",True,True,0
31.048,31.382,0,あいにきたいはきんもつだよ,"[(3, 'あいにきたいはきんもつだよ')]",True,False,7
30.881,31.048,0,あいにきたいはきんもつだよ,"[(3, 'あいにきたいはきんもつだ'), (7, 'よ')]",False,False,7
30.748,30.881,0,あいにきたいはきんもつだよ,"[(3, 'あいにきたいはきんもつ'), (7, 'だよ')]",False,False,7
30.581,30.748,0,あいにきたいはきんもつだよ,"[(3, 'あいにきたいはきんも'), (7, 'つだよ')]",False,False,7
30.414,30.581,0,あいにきたいはきんもつだよ,"[(3, 'あいにきたいはきん'), (7, 'もつだよ')]",False,False,7
30.28,30.414,0,あいにきたいはきんもつだよ,"[(3, 'あいにきたいはき'), (7, 'んもつだよ')]",False,False,7
30.08,30.28,0,あいにきたいはきんもつだよ,"[(3, 'あいにきたいは'), (7, 'きんもつだよ')]",False,False,7
29.947,30.08,0,あいにきたいはきんもつだよ,"[(3, 'あいにきたい'), (7, 'はきんもつだよ')]",False,False,7
29.78,29.947,0,あいにきたいはきんもつだよ,"[(3, 'あいにきた'), (7, 'いはきんもつだよ')]",False,False,7
29.613,29.78,0,あいにきたいはきんもつだよ,"[(3, 'あいにき'), (7, 'たいはきんもつだよ')]",False,False,7
29.446,29.613,0,あいにきたいはきんもつだよ,"[(3, 'あいに'), (7, 'きたいはきんもつだよ')]",False,False,7
29.313,29.446,0,あいにきたいはきんもつだよ,"[(3, 'あい'), (7, 'にきたいはきんもつだよ')]",False,False,7
29.146,29.313,0,あいにきたいはきんもつだよ,"[(3, 'あ'), (7, 'いにきたいはきんもつだよ')]",False,True,7
70.621,70.954,0,あがっちゃってよ,"[(3, 'あがっちゃってよ')]",True,False,7
70.487,70.621,0,あがっちゃってよ,"[(3, 'あがっちゃって'), (7, 'よ')]",False,False,7
70.32,70.487,0,あがっちゃってよ,"[(3, 'あがっちゃっ'), (7, 'てよ')]",False,False,7
70.187,70.32,0,あがっちゃってよ,"[(3, 'あがっちゃ'), (7, 'ってよ')]",False,False,7
70.02,70.187,0,あがっちゃってよ,"[(3, 'あがっ'), (7, 'ちゃってよ')]",False,False,7
69.887,70.02,0,あがっちゃってよ,"[(3, 'あが'), (7, 'っちゃってよ')]",False,False,7
69.72,69.887,0,あがっちゃってよ,"[(3, 'あ'), (7, 'がっちゃってよ')]",False,False,7
65.582,65.849,0,あがっちゃってよ,"[(4, 'あがっちゃってよ')]",False,False,7
65.382,65.582,0,あがっちゃってよ,"[(4, 'あがっちゃって'), (7, 'よ')]",False,False,7
65.215,65.382,0,あがっちゃってよ,"[(4, 'あがっちゃっ'), (7, 'てよ')]",False,False,7
65.049,65.215,0,あがっちゃってよ,"[(4, 'あがっちゃ'), (7, 'ってよ')]",False,False,7
64.882,65.049,0,あがっちゃってよ,"[(4, 'あがっ'), (7, 'ちゃってよ')]",False,False,7
64.748,64.882,0,あがっちゃってよ,"[(4, 'あが'), (7, 'っちゃってよ')]",False,False,7
64.581,64.748,0,あがっちゃってよ,"[(4, 'あ'), (7, 'がっちゃってよ')]",False,True,7
124.274,124.441,0,あたしはかみついたらはなさないにゃ,"[(4, 'あたしはかみついたらはなさないにゃ')]",True,False,7
124.108,124.274,0,あたしはかみついたらはなさないにゃ,"[(4, 'あたしはかみついたらはなさない'), (7, 'にゃ')]",False,False,7
123.941,124.108,0,あたしはかみついたらはなさないにゃ,"[(4, 'あたしはかみついたらはなさな'), (7, 'いにゃ')]",False,False,7
123.774,123.941,0,あたしはかみついたらはなさないにゃ,"[(4, 'あたしはかみついたらはなさ'), (7, 'ないにゃ')]",False,False,7
123.607,123.774,0,あたしはかみついたらはなさないにゃ,"[(4, 'あたしはかみついたらはな'), (7, 'さないにゃ')]",False,False,7
123.44,123.607,0,あたしはかみついたらはなさないにゃ,"[(4, 'あたしはかみついたらは'), (7, 'なさないにゃ')]",False,False,7
123.307,123.44,0,あたしはかみついたらはなさないにゃ,"[(4, 'あたしはかみついたら'), (7, 'はなさないにゃ')]",False,False,7
123.14,123.307,0,あたしはかみついたらはなさないにゃ,"[(4, 'あたしはかみついた'), (7, 'らはなさないにゃ')]",False,False,7
122.973,123.14,0,あたしはかみついたらはなさないにゃ,"[(4, 'あたしはかみつい'), (7, 'たらはなさないにゃ')]",False,False,7
122.806,122.973,0,あたしはかみついたらはなさないにゃ,"[(4, 'あたしはかみつ'), (7, 'いたらはなさないにゃ')]",False,False,7
122.606,122.806,0,あたしはかみついたらはなさないにゃ,"[(4, 'あたしはかみ'), (7, 'ついたらはなさないにゃ')]",False,False,7
122.473,122.606,0,あたしはかみついたらはなさないにゃ,"[(4, 'あたしはか'), (7, 'みついたらはなさないにゃ')]",False,False,7
122.339,122.473,0,あたしはかみついたらはなさないにゃ,"[(4, 'あたしは'), (7, 'かみついたらはなさないにゃ')]",False,False,7
122.172,122.339,0,あたしはかみついたらはなさないにゃ,"[(4, 'あたし'), (7, 'はかみついたらはなさないにゃ')]",False,False,7
122.005,122.172,0,あたしはかみついたらはなさないにゃ,"[(4, 'あた'), (7, 'しはかみついたらはなさないにゃ')]",False,False,7
121.839,122.005,0,あたしはかみついたらはなさないにゃ,"[(4, 'あ'), (7, 'たしはかみついたらはなさないにゃ')]",False,False,7
56.607,56.774,0,あたしはかみついたらはなさないにゃ,"[(4, 'あたしはかみついたらはなさないにゃ')]",False,False,7
56.473,56.607,0,あたしはかみついたらはなさないにゃ,"[(4, 'あたしはかみついたらはなさない'), (7, 'にゃ')]",False,False,7
56.273,56.473,0,あたしはかみついたらはなさないにゃ,"[(4, 'あたしはかみついたらはなさな'), (7, 'いにゃ')]",False,False,7
56.106,56.273,0,あたしはかみついたらはなさないにゃ,"[(4, 'あたしはかみついたらはなさ'), (7, 'ないにゃ')]",False,False,7
55.939,56.106,0,あたしはかみついたらはなさないにゃ,"[(4, 'あたしはかみついたらはな'), (7, 'さないにゃ')]",False,False,7
55.806,55.939,0,あたしはかみついたらはなさないにゃ,"[(4, 'あたしはかみついたらは'), (7, 'なさないにゃ')]",False,False,7
55.639,55.806,0,あたしはかみついたらはなさないにゃ,"[(4, 'あたしはかみついたら'), (7, 'はなさないにゃ')]",False,False,7
55.472,55.639,0,あたしはかみついたらはなさないにゃ,"[(4, 'あたしはかみついた'), (7, 'らはなさないにゃ')]",False,False,7
55.305,55.472,0,あたしはかみついたらはなさないにゃ,"[(4, 'あたしはかみつい'), (7, 'たらはなさないにゃ')]",False,False,7
55.139,55.305,0,あたしはかみついたらはなさないにゃ,"[(4, 'あたしはかみつ'), (7, 'いたらはなさないにゃ')]",False,False,7
54.972,55.139,0,あたしはかみついたらはなさないにゃ,"[(4, 'あたしはかみ'), (7, 'ついたらはなさないにゃ')]",False,False,7
54.838,54.972,0,あたしはかみついたらはなさないにゃ,"[(4, 'あたしはか'), (7, 'みついたらはなさないにゃ')]",False,False,7
54.671,54.838,0,あたしはかみついたらはなさないにゃ,"[(4, 'あたしは'), (7, 'かみついたらはなさないにゃ')]",False,False,7
54.571,54.671,0,あたしはかみついたらはなさないにゃ,"[(4, 'あたし'), (7, 'はかみついたらはなさないにゃ')]",False,False,7
54.371,54.571,0,あたしはかみついたらはなさないにゃ,"[(4, 'あた'), (7, 'しはかみついたらはなさないにゃ')]",False,False,7
54.204,54.371,0,あたしはかみついたらはなさないにゃ,"[(4, 'あ'), (7, 'たしはかみついたらはなさないにゃ')]",False,True,7
40.691,40.958,0,あたしはしあわせです,"[(3, 'あたしはしあわせです')]",True,False,7
40.491,40.691,0,あたしはしあわせです,"[(3, 'あたしはしあわせで'), (7, 'す')]",False,False,7
40.324,40.491,0,あたしはしあわせです,"[(3, 'あたしはしあわせ'), (7, 'です')]",False,False,7
40.124,40.324,0,あたしはしあわせです,"[(3, 'あたしはしあわ'), (7, 'せです')]",False,False,7
40.024,40.124,0,あたしはしあわせです,"[(3, 'あたしはしあ'), (7, 'わせです')]",False,False,7
39.89,40.024,0,あたしはしあわせです,"[(3, 'あたしはし'), (7, 'あわせです')]",False,False,7
39.39,39.89,0,あたしはしあわせです,"[(3, 'あたしは'), (7, 'しあわせです')]",False,False,7
39.223,39.39,0,あたしはしあわせです,"[(3, 'あたし'), (7, 'はしあわせです')]",False,False,7
39.056,39.223,0,あたしはしあわせです,"[(3, 'あた'), (7, 'しはしあわせです')]",False,False,7
38.889,39.056,0,あたしはしあわせです,"[(3, 'あ'), (7, 'たしはしあわせです')]",False,True,7
88.105,88.505,0,あたしはしあわせになりたいです,"[(4, 'あたしはしあわせになりたいです')]",True,False,7
87.704,88.105,0,あたしはしあわせになりたいです,"[(4, 'あたしはしあわせになりたいで'), (7, 'す')]",False,False,7
87.571,87.704,0,あたしはしあわせになりたいです,"[(4, 'あたしはしあわせになりたい'), (7, 'です')]",False,False,7
87.404,87.571,0,あたしはしあわせになりたいです,"[(4, 'あたしはしあわせになりた'), (7, 'いです')]",False,False,7
87.237,87.404,0,あたしはしあわせになりたいです,"[(4, 'あたしはしあわせになり'), (7, 'たいです')]",False,False,7
87.071,87.237,0,あたしはしあわせになりたいです,"[(4, 'あたしはしあわせにな'), (7, 'りたいです')]",False,False,7
86.437,87.071,0,あたしはしあわせになりたいです,"[(4, 'あたしはしあわせに'), (7, 'なりたいです')]",False,False,7
86.27,86.437,0,あたしはしあわせになりたいです,"[(4, 'あたしはしあわせ'), (7, 'になりたいです')]",False,False,7
86.103,86.27,0,あたしはしあわせになりたいです,"[(4, 'あたしはしあわ'), (7, 'せになりたいです')]",False,False,7
85.969,86.103,0,あたしはしあわせになりたいです,"[(4, 'あたしはしあ'), (7, 'わせになりたいです')]",False,False,7
85.803,85.969,0,あたしはしあわせになりたいです,"[(4, 'あたしはし'), (7, 'あわせになりたいです')]",False,False,7
85.335,85.803,0,あたしはしあわせになりたいです,"[(4, 'あたしは'), (7, 'しあわせになりたいです')]",False,False,7
85.169,85.335,0,あたしはしあわせになりたいです,"[(4, 'あたし'), (7, 'はしあわせになりたいです')]",False,False,7
85.002,85.169,0,あたしはしあわせになりたいです,"[(4, 'あた'), (7, 'しはしあわせになりたいです')]",False,False,7
84.835,85.002,0,あたしはしあわせになりたいです,"[(4, 'あ'), (7, 'たしはしあわせになりたいです')]",False,True,7
124.274,124.441,-1,あたしは噛み付いたら離さないにゃ,"[(4, 'あたしは噛み付いたら離さないにゃ')]",True,False,7
124.108,124.274,-1,あたしは噛み付いたら離さないにゃ,"[(4, 'あたしは噛み付いたら離さない'), (7, 'にゃ')]",False,False,7
123.941,124.108,-1,あたしは噛み付いたら離さないにゃ,"[(4, 'あたしは噛み付いたら離さな'), (7, 'いにゃ')]",False,False,7
123.774,123.941,-1,あたしは噛み付いたら離さないにゃ,"[(4, 'あたしは噛み付いたら離さ'), (7, 'ないにゃ')]",False,False,7
123.607,123.774,-1,あたしは噛み付いたら離さないにゃ,"[(4, 'あたしは噛み付いたら離'), (7, 'さないにゃ')]",False,False,7
123.44,123.607,-1,あたしは噛み付いたら離さないにゃ,"[(4, 'あたしは噛み付いたら離'), (7, 'さないにゃ')]",False,False,7
123.307,123.44,-1,あたしは噛み付いたら離さないにゃ,"[(4, 'あたしは噛み付いたら'), (7, '離さないにゃ')]",False,False,7
123.14,123.307,-1,あたしは噛み付いたら離さないにゃ,"[(4, 'あたしは噛み付いた'), (7, 'ら離さないにゃ')]",False,False,7
122.973,123.14,-1,あたしは噛み付いたら離さないにゃ,"[(4, 'あたしは噛み付い'), (7, 'たら離さないにゃ')]",False,False,7
122.806,122.973,-1,あたしは噛み付いたら離さないにゃ,"[(4, 'あたしは噛み付'), (7, 'いたら離さないにゃ')]",False,False,7
122.606,122.806,-1,あたしは噛み付いたら離さないにゃ,"[(4, 'あたしは噛み'), (7, '付いたら離さないにゃ')]",False,False,7
122.473,122.606,-1,あたしは噛み付いたら離さないにゃ,"[(4, 'あたしは噛'), (7, 'み付いたら離さないにゃ')]",False,False,7
122.339,122.473,-1,あたしは噛み付いたら離さないにゃ,"[(4, 'あたしは'), (7, '噛み付いたら離さないにゃ')]",False,False,7
122.172,122.339,-1,あたしは噛み付いたら離さないにゃ,"[(4, 'あたし'), (7, 'は噛み付いたら離さないにゃ')]",False,False,7
122.005,122.172,-1,あたしは噛み付いたら離さないにゃ,"[(4, 'あた'), (7, 'しは噛み付いたら離さないにゃ')]",False,False,7
121.839,122.005,-1,あたしは噛み付いたら離さないにゃ,"[(4, 'あ'), (7, 'たしは噛み付いたら離さないにゃ')]",False,False,7
56.607,56.774,-1,あたしは噛み付いたら離さないにゃ,"[(4, 'あたしは噛み付いたら離さないにゃ')]",False,False,7
56.473,56.607,-1,あたしは噛み付いたら離さないにゃ,"[(4, 'あたしは噛み付いたら離さない'), (7, 'にゃ')]",False,False,7
56.273,56.473,-1,あたしは噛み付いたら離さないにゃ,"[(4, 'あたしは噛み付いたら離さな'), (7, 'いにゃ')]",False,False,7
56.106,56.273,-1,あたしは噛み付いたら離さないにゃ,"[(4, 'あたしは噛み付いたら離さ'), (7, 'ないにゃ')]",False,False,7
55.939,56.106,-1,あたしは噛み付いたら離さないにゃ,"[(4, 'あたしは噛み付いたら離'), (7, 'さないにゃ')]",False,False,7
55.806,55.939,-1,あたしは噛み付いたら離さないにゃ,"[(4, 'あたしは噛み付いたら離'), (7, 'さないにゃ')]",False,False,7
55.639,55.806,-1,あたしは噛み付いたら離さないにゃ,"[(4, 'あたしは噛み付いたら'), (7, '離さないにゃ')]",False,False,7
55.472,55.639,-1,あたしは噛み付いたら離さないにゃ,"[(4, 'あたしは噛み付いた'), (7, 'ら離さないにゃ')]",False,False,7
55.305,55.472,-1,あたしは噛み付いたら離さないにゃ,"[(4, 'あたしは噛み付い'), (7, 'たら離さないにゃ')]",False,False,7
55.139,55.305,-1,あたしは噛み付いたら離さないにゃ,"[(4, 'あたしは噛み付'), (7, 'いたら離さないにゃ')]",False,False,7
54.972,55.139,-1,あたしは噛み付いたら離さないにゃ,"[(4, 'あたしは噛み'), (7, '付いたら離さないにゃ')]",False,False,7
54.838,54.972,-1,あたしは噛み付いたら離さないにゃ,"[(4, 'あたしは噛'), (7, 'み付いたら離さないにゃ')]",False,False,7
54.671,54.838,-1,あたしは噛み付いたら離さないにゃ,"[(4, 'あたしは'), (7, '噛み付いたら離さないにゃ')]",False,False,7
54.571,54.671,-1,あたしは噛み付いたら離さないにゃ,"[(4, 'あたし'), (7, 'は噛み付いたら離さないにゃ')]",False,False,7
54.371,54.571,-1,あたしは噛み付いたら離さないにゃ,"[(4, 'あた'), (7, 'しは噛み付いたら離さないにゃ')]",False,False,7
54.204,54.371,-1,あたしは噛み付いたら離さないにゃ,"[(4, 'あ'), (7, 'たしは噛み付いたら離さないにゃ')]",False,True,7
40.691,40.958,-1,あたしは幸せです,"[(3, 'あたしは幸せです')]",True,False,7
40.491,40.691,-1,あたしは幸せです,"[(3, 'あたしは幸せで'), (7, 'す')]",False,False,7
40.324,40.491,-1,あたしは幸せです,"[(3, 'あたしは幸せ'), (7, 'です')]",False,False,7
40.124,40.324,-1,あたしは幸せです,"[(3, 'あたしは幸'), (7, 'せです')]",False,False,7
40.024,40.124,-1,あたしは幸せです,"[(3, 'あたしは幸'), (7, 'せです')]",False,False,7
39.89,40.024,-1,あたしは幸せです,"[(3, 'あたしは幸'), (7, 'せです')]",False,False,7
39.39,39.89,-1,あたしは幸せです,"[(3, 'あたしは'), (7, '幸せです')]",False,False,7
39.223,39.39,-1,あたしは幸せです,"[(3, 'あたし'), (7, 'は幸せです')]",False,False,7
39.056,39.223,-1,あたしは幸せです,"[(3, 'あた'), (7, 'しは幸せです')]",False,False,7
38.889,39.056,-1,あたしは幸せです,"[(3, 'あ'), (7, 'たしは幸せです')]",False,True,7
88.105,88.505,-1,あたしは幸せになりたいです,"[(4, 'あたしは幸せになりたいです')]",True,False,7
87.704,88.105,-1,あたしは幸せになりたいです,"[(4, 'あたしは幸せになりたいで'), (7, 'す')]",False,False,7
87.571,87.704,-1,あたしは幸せになりたいです,"[(4, 'あたしは幸せになりたい'), (7, 'です')]",False,False,7
87.404,87.571,-1,あたしは幸せになりたいです,"[(4, 'あたしは幸せになりた'), (7, 'いです')]",False,False,7
87.237,87.404,-1,あたしは幸せになりたいです,"[(4, 'あたしは幸せになり'), (7, 'たいです')]",False,False,7
87.071,87.237,-1,あたしは幸せになりたいです,"[(4, 'あたしは幸せにな'), (7, 'りたいです')]",False,False,7
86.437,87.071,-1,あたしは幸せになりたいです,"[(4, 'あたしは幸せに'), (7, 'なりたいです')]",False,False,7
86.27,86.437,-1,あたしは幸せになりたいです,"[(4, 'あたしは幸せ'), (7, 'になりたいです')]",False,False,7
86.103,86.27,-1,あたしは幸せになりたいです,"[(4, 'あたしは幸'), (7, 'せになりたいです')]",False,False,7
85.969,86.103,-1,あたしは幸せになりたいです,"[(4, 'あたしは幸'), (7, 'せになりたいです')]",False,False,7
85.803,85.969,-1,あたしは幸せになりたいです,"[(4, 'あたしは幸'), (7, 'せになりたいです')]",False,False,7
85.335,85.803,-1,あたしは幸せになりたいです,"[(4, 'あたしは'), (7, '幸せになりたいです')]",False,False,7
85.169,85.335,-1,あたしは幸せになりたいです,"[(4, 'あたし'), (7, 'は幸せになりたいです')]",False,False,7
85.002,85.169,-1,あたしは幸せになりたいです,"[(4, 'あた'), (7, 'しは幸せになりたいです')]",False,False,7
84.835,85.002,-1,あたしは幸せになりたいです,"[(4, 'あ'), (7, 'たしは幸せになりたいです')]",False,True,7
25.943,26.477,0,いいもわるいもぜんぜんしよ,"[(4, 'いいもわるいもぜんぜんしよ')]",True,False,7
25.776,25.943,0,いいもわるいもぜんぜんしよ,"[(4, 'いいもわるいもぜんぜんし'), (7, 'よ')]",False,False,7
25.642,25.776,0,いいもわるいもぜんぜんしよ,"[(4, 'いいもわるいもぜんぜん'), (7, 'しよ')]",False,False,7
25.476,25.642,0,いいもわるいもぜんぜんしよ,"[(4, 'いいもわるいもぜんぜ'), (7, 'んしよ')]",False,False,7
25.309,25.476,0,いいもわるいもぜんぜんしよ,"[(4, 'いいもわるいもぜん'), (7, 'ぜんしよ')]",False,False,7
25.142,25.309,0,いいもわるいもぜんぜんしよ,"[(4, 'いいもわるいもぜ'), (7, 'んぜんしよ')]",False,False,7
25.009,25.142,0,いいもわるいもぜんぜんしよ,"[(4, 'いいもわるいも'), (7, 'ぜんぜんしよ')]",False,False,7
24.842,25.009,0,いいもわるいもぜんぜんしよ,"[(4, 'いいもわるい'), (7, 'もぜんぜんしよ')]",False,False,7
24.675,24.842,0,いいもわるいもぜんぜんしよ,"[(4, 'いいもわる'), (7, 'いもぜんぜんしよ')]",False,False,7
24.508,24.675,0,いいもわるいもぜんぜんしよ,"[(4, 'いいもわ'), (7, 'るいもぜんぜんしよ')]",False,False,7
24.375,24.508,0,いいもわるいもぜんぜんしよ,"[(4, 'いいも'), (7, 'わるいもぜんぜんしよ')]",False,False,7
24.208,24.375,0,いいもわるいもぜんぜんしよ,"[(4, 'いい'), (7, 'もわるいもぜんぜんしよ')]",False,False,7
24.041,24.208,0,いいもわるいもぜんぜんしよ,"[(4, 'い'), (7, 'いもわるいもぜんぜんしよ')]",False,True,7
38.589,38.889,0,いたみすらもしあいせたら,"[(3, 'いたみすらもしあいせたら')]",True,False,7
38.389,38.589,0,いたみすらもしあいせたら,"[(3, 'いたみすらもしあいせた'), (7, 'ら')]",False,False,7
38.222,38.389,0,いたみすらもしあいせたら,"[(3, 'いたみすらもしあいせ'), (7, 'たら')]",False,False,7
38.088,38.222,0,いたみすらもしあいせたら,"[(3, 'いたみすらもしあい'), (7, 'せたら')]",False,False,7
37.921,38.088,0,いたみすらもしあいせたら,"[(3, 'いたみすらもしあ'), (7, 'いせたら')]",False,False,7
37.755,37.921,0,いたみすらもしあいせたら,"[(3, 'いたみすらもし'), (7, 'あいせたら')]",False,False,7
37.588,37.755,0,いたみすらもしあいせたら,"[(3, 'いたみすらも'), (7, 'しあいせたら')]",False,False,7
37.287,37.588,0,いたみすらもしあいせたら,"[(3, 'いたみすら'), (7, 'もしあいせたら')]",False,False,7
37.121,37.287,0,いたみすらもしあいせたら,"[(3, 'いたみす'), (7, 'らもしあいせたら')]",False,False,7
36.987,37.121,0,いたみすらもしあいせたら,"[(3, 'いたみ'), (7, 'すらもしあいせたら')]",False,False,7
36.82,36.987,0,いたみすらもしあいせたら,"[(3, 'いた'), (7, 'みすらもしあいせたら')]",False,False,7
36.653,36.82,0,いたみすらもしあいせたら,"[(3, 'い'), (7, 'たみすらもしあいせたら')]",False,True,7
115.632,115.799,0,おすわりとかできない,"[(1, 'おすわりとかできない')]",True,False,7
115.466,115.632,0,おすわりとかできない,"[(1, 'おすわりとかできな'), (7, 'い')]",False,False,7
115.299,115.466,0,おすわりとかできない,"[(1, 'おすわりとかでき'), (7, 'ない')]",False,False,7
115.132,115.299,0,おすわりとかできない,"[(1, 'おすわりとかで'), (7, 'きない')]",False,False,7
114.965,115.132,0,おすわりとかできない,"[(1, 'おすわりとか'), (7, 'できない')]",False,False,7
114.832,114.965,0,おすわりとかできない,"[(1, 'おすわりと'), (7, 'かできない')]",False,False,7
114.665,114.832,0,おすわりとかできない,"[(1, 'おすわり'), (7, 'とかできない')]",False,False,7
114.498,114.665,0,おすわりとかできない,"[(1, 'おすわ'), (7, 'りとかできない')]",False,False,7
114.331,114.498,0,おすわりとかできない,"[(1, 'おす'), (7, 'わりとかできない')]",False,False,7
114.164,114.331,0,おすわりとかできない,"[(1, 'お'), (7, 'すわりとかできない')]",False,False,7
105.422,105.589,0,おすわりとかできない,"[(4, 'おすわりとかできない')]",False,False,7
105.255,105.422,0,おすわりとかできない,"[(4, 'おすわりとかできな'), (7, 'い')]",False,False,7
105.122,105.255,0,おすわりとかできない,"[(4, 'おすわりとかでき'), (7, 'ない')]",False,False,7
104.922,105.122,0,おすわりとかできない,"[(4, 'おすわりとかで'), (7, 'きない')]",False,False,7
104.755,104.922,0,おすわりとかできない,"[(4, 'おすわりとか'), (7, 'できない')]",False,False,7
104.621,104.755,0,おすわりとかできない,"[(4, 'おすわりと'), (7, 'かできない')]",False,False,7
104.455,104.621,0,おすわりとかできない,"[(4, 'おすわり'), (7, 'とかできない')]",False,False,7
104.321,104.455,0,おすわりとかできない,"[(4, 'おすわ'), (7, 'りとかできない')]",False,False,7
104.154,104.321,0,おすわりとかできない,"[(4, 'おす'), (7, 'わりとかできない')]",False,False,7
103.987,104.154,0,おすわりとかできない,"[(4, 'お'), (7, 'すわりとかできない')]",False,False,7
47.998,48.165,0,おすわりとかできない,"[(3, 'おすわりとかできない')]",False,False,7
47.831,47.998,0,おすわりとかできない,"[(3, 'おすわりとかできな'), (7, 'い')]",False,False,7
47.664,47.831,0,おすわりとかできない,"[(3, 'おすわりとかでき'), (7, 'ない')]",False,False,7
47.498,47.664,0,おすわりとかできない,"[(3, 'おすわりとかで'), (7, 'きない')]",False,False,7
47.331,47.498,0,おすわりとかできない,"[(3, 'おすわりとか'), (7, 'できない')]",False,False,7
47.164,47.331,0,おすわりとかできない,"[(3, 'おすわりと'), (7, 'かできない')]",False,False,7
47.031,47.164,0,おすわりとかできない,"[(3, 'おすわり'), (7, 'とかできない')]",False,False,7
46.864,47.031,0,おすわりとかできない,"[(3, 'おすわ'), (7, 'りとかできない')]",False,False,7
46.73,46.864,0,おすわりとかできない,"[(3, 'おす'), (7, 'わりとかできない')]",False,False,7
46.563,46.73,0,おすわりとかできない,"[(3, 'お'), (7, 'すわりとかできない')]",False,False,7
7.124,7.291,0,おすわりとかできない,"[(3, 'おすわりとかできない')]",False,False,7
6.957,7.124,0,おすわりとかできない,"[(3, 'おすわりとかできな'), (7, 'い')]",False,False,7
6.824,6.957,0,おすわりとかできない,"[(3, 'おすわりとかでき'), (7, 'ない')]",False,False,7
6.657,6.824,0,おすわりとかできない,"[(3, 'おすわりとかで'), (7, 'きない')]",False,False,7
6.49,6.657,0,おすわりとかできない,"[(3, 'おすわりとか'), (7, 'できない')]",False,False,7
6.323,6.49,0,おすわりとかできない,"[(3, 'おすわりと'), (7, 'かできない')]",False,False,7
6.156,6.323,0,おすわりとかできない,"[(3, 'おすわり'), (7, 'とかできない')]",False,False,7
6.023,6.156,0,おすわりとかできない,"[(3, 'おすわ'), (7, 'りとかできない')]",False,False,7
5.889,6.023,0,おすわりとかできない,"[(3, 'おす'), (7, 'わりとかできない')]",False,False,7
5.689,5.889,0,おすわりとかできない,"[(3, 'お'), (7, 'すわりとかできない')]",False,False,7
115.632,115.799,-1,おすわりとかできない,"[(1, 'おすわりとかできない')]",False,False,7
115.466,115.632,-1,おすわりとかできない,"[(1, 'おすわりとかできな'), (7, 'い')]",False,False,7
115.299,115.466,-1,おすわりとかできない,"[(1, 'おすわりとかでき'), (7, 'ない')]",False,False,7
115.132,115.299,-1,おすわりとかできない,"[(1, 'おすわりとかで'), (7, 'きない')]",False,False,7
114.965,115.132,-1,おすわりとかできない,"[(1, 'おすわりとか'), (7, 'できない')]",False,False,7
114.832,114.965,-1,おすわりとかできない,"[(1, 'おすわりと'), (7, 'かできない')]",False,False,7
114.665,114.832,-1,おすわりとかできない,"[(1, 'おすわり'), (7, 'とかできない')]",False,False,7
114.498,114.665,-1,おすわりとかできない,"[(1, 'おすわ'), (7, 'りとかできない')]",False,False,7
114.331,114.498,-1,おすわりとかできない,"[(1, 'おす'), (7, 'わりとかできない')]",False,False,7
114.164,114.331,-1,おすわりとかできない,"[(1, 'お'), (7, 'すわりとかできない')]",False,False,7
105.422,105.589,-1,おすわりとかできない,"[(4, 'おすわりとかできない')]",False,False,7
105.255,105.422,-1,おすわりとかできない,"[(4, 'おすわりとかできな'), (7, 'い')]",False,False,7
105.122,105.255,-1,おすわりとかできない,"[(4, 'おすわりとかでき'), (7, 'ない')]",False,False,7
104.922,105.122,-1,おすわりとかできない,"[(4, 'おすわりとかで'), (7, 'きない')]",False,False,7
104.755,104.922,-1,おすわりとかできない,"[(4, 'おすわりとか'), (7, 'できない')]",False,False,7
104.621,104.755,-1,おすわりとかできない,"[(4, 'おすわりと'), (7, 'かできない')]",False,False,7
104.455,104.621,-1,おすわりとかできない,"[(4, 'おすわり'), (7, 'とかできない')]",False,False,7
104.321,104.455,-1,おすわりとかできない,"[(4, 'おすわ'), (7, 'りとかできない')]",False,False,7
104.154,104.321,-1,おすわりとかできない,"[(4, 'おす'), (7, 'わりとかできない')]",False,False,7
103.987,104.154,-1,おすわりとかできない,"[(4, 'お'), (7, 'すわりとかできない')]",False,False,7
47.998,48.165,-1,おすわりとかできない,"[(3, 'おすわりとかできない')]",False,False,7
47.831,47.998,-1,おすわりとかできない,"[(3, 'おすわりとかできな'), (7, 'い')]",False,False,7
47.664,47.831,-1,おすわりとかできない,"[(3, 'おすわりとかでき'), (7, 'ない')]",False,False,7
47.498,47.664,-1,おすわりとかできない,"[(3, 'おすわりとかで'), (7, 'きない')]",False,False,7
47.331,47.498,-1,おすわりとかできない,"[(3, 'おすわりとか'), (7, 'できない')]",False,False,7
47.164,47.331,-1,おすわりとかできない,"[(3, 'おすわりと'), (7, 'かできない')]",False,False,7
47.031,47.164,-1,おすわりとかできない,"[(3, 'おすわり'), (7, 'とかできない')]",False,False,7
46.864,47.031,-1,おすわりとかできない,"[(3, 'おすわ'), (7, 'りとかできない')]",False,False,7
46.73,46.864,-1,おすわりとかできない,"[(3, 'おす'), (7, 'わりとかできない')]",False,False,7
46.563,46.73,-1,おすわりとかできない,"[(3, 'お'), (7, 'すわりとかできない')]",False,False,7
7.124,7.291,-1,おすわりとかできない,"[(3, 'おすわりとかできない')]",False,False,7
6.957,7.124,-1,おすわりとかできない,"[(3, 'おすわりとかできな'), (7, 'い')]",False,False,7
6.824,6.957,-1,おすわりとかできない,"[(3, 'おすわりとかでき'), (7, 'ない')]",False,False,7
6.657,6.824,-1,おすわりとかできない,"[(3, 'おすわりとかで'), (7, 'きない')]",False,False,7
6.49,6.657,-1,おすわりとかできない,"[(3, 'おすわりとか'), (7, 'できない')]",False,False,7
6.323,6.49,-1,おすわりとかできない,"[(3, 'おすわりと'), (7, 'かできない')]",False,False,7
6.156,6.323,-1,おすわりとかできない,"[(3, 'おすわり'), (7, 'とかできない')]",False,False,7
6.023,6.156,-1,おすわりとかできない,"[(3, 'おすわ'), (7, 'りとかできない')]",False,False,7
5.889,6.023,-1,おすわりとかできない,"[(3, 'おす'), (7, 'わりとかできない')]",False,False,7
5.689,5.889,-1,おすわりとかできない,"[(3, 'お'), (7, 'すわりとかできない')]",False,True,7
22.473,22.606,0,がぶっとしよっか,"[(4, 'がぶっとしよっか')]",True,False,7
22.306,22.473,0,がぶっとしよっか,"[(4, 'がぶっとしよっ'), (7, 'か')]",False,False,7
22.139,22.306,0,がぶっとしよっか,"[(4, 'がぶっとしよ'), (7, 'っか')]",False,False,7
21.972,22.139,0,がぶっとしよっか,"[(4, 'がぶっとし'), (7, 'よっか')]",False,False,7
21.805,21.972,0,がぶっとしよっか,"[(4, 'がぶっと'), (7, 'しよっか')]",False,False,7
21.672,21.805,0,がぶっとしよっか,"[(4, 'がぶっ'), (7, 'としよっか')]",False,False,7
21.505,21.672,0,がぶっとしよっか,"[(4, 'がぶ'), (7, 'っとしよっか')]",False,False,7
21.338,21.505,0,がぶっとしよっか,"[(4, 'が'), (7, 'ぶっとしよっか')]",False,False,7
22.473,22.606,-1,がぶっとしよっか,"[(4, 'がぶっとしよっか')]",False,False,7
22.306,22.473,-1,がぶっとしよっか,"[(4, 'がぶっとしよっ'), (7, 'か')]",False,False,7
22.139,22.306,-1,がぶっとしよっか,"[(4, 'がぶっとしよ'), (7, 'っか')]",False,False,7
21.972,22.139,-1,がぶっとしよっか,"[(4, 'がぶっとし'), (7, 'よっか')]",False,False,7
21.805,21.972,-1,がぶっとしよっか,"[(4, 'がぶっと'), (7, 'しよっか')]",False,False,7
21.672,21.805,-1,がぶっとしよっか,"[(4, 'がぶっ'), (7, 'としよっか')]",False,False,7
21.505,21.672,-1,がぶっとしよっか,"[(4, 'がぶ'), (7, 'っとしよっか')]",False,False,7
21.338,21.505,-1,がぶっとしよっか,"[(4, 'が'), (7, 'ぶっとしよっか')]",False,True,7
120.771,120.971,0,きばをだしさけべ,"[(4, 'きばをだしさけべ')]",True,False,7
120.604,120.771,0,きばをだしさけべ,"[(4, 'きばをだしさけ'), (7, 'べ')]",False,False,7
120.437,120.604,0,きばをだしさけべ,"[(4, 'きばをだしさ'), (7, 'けべ')]",False,False,7
120.27,120.437,0,きばをだしさけべ,"[(4, 'きばをだし'), (7, 'さけべ')]",False,False,7
120.104,120.27,0,きばをだしさけべ,"[(4, 'きばをだ'), (7, 'しさけべ')]",False,False,7
119.937,120.104,0,きばをだしさけべ,"[(4, 'きばを'), (7, 'だしさけべ')]",False,False,7
119.803,119.937,0,きばをだしさけべ,"[(4, 'きば'), (7, 'をだしさけべ')]",False,False,7
119.636,119.803,0,きばをだしさけべ,"[(4, 'き'), (7, 'ばをだしさけべ')]",False,False,7
53.07,53.27,0,きばをだしさけべ,"[(4, 'きばをだしさけべ')]",False,False,7
52.936,53.07,0,きばをだしさけべ,"[(4, 'きばをだしさけ'), (7, 'べ')]",False,False,7
52.77,52.936,0,きばをだしさけべ,"[(4, 'きばをだしさ'), (7, 'けべ')]",False,False,7
52.603,52.77,0,きばをだしさけべ,"[(4, 'きばをだし'), (7, 'さけべ')]",False,False,7
52.436,52.603,0,きばをだしさけべ,"[(4, 'きばをだ'), (7, 'しさけべ')]",False,False,7
52.269,52.436,0,きばをだしさけべ,"[(4, 'きばを'), (7, 'だしさけべ')]",False,False,7
52.136,52.269,0,きばをだしさけべ,"[(4, 'きば'), (7, 'をだしさけべ')]",False,False,7
51.969,52.136,0,きばをだしさけべ,"[(4, 'き'), (7, 'ばをだしさけべ')]",False,True,7
79.563,79.763,0,くらいかいなくてつまんない,"[(3, 'くらいかいなくてつまんない')]",True,False,7
79.396,79.563,0,くらいかいなくてつまんない,"[(3, 'くらいかいなくてつまんな'), (7, 'い')]",False,False,7
79.229,79.396,0,くらいかいなくてつまんない,"[(3, 'くらいかいなくてつまん'), (7, 'ない')]",False,False,7
79.096,79.229,0,くらいかいなくてつまんない,"[(3, 'くらいかいなくてつま'), (7, 'んない')]",False,False,7
78.929,79.096,0,くらいかいなくてつまんない,"[(3, 'くらいかいなくてつ'), (7, 'まんない')]",False,False,7
78.762,78.929,0,くらいかいなくてつまんない,"[(3, 'くらいかいなくて'), (7, 'つまんない')]",False,False,7
78.629,78.762,0,くらいかいなくてつまんない,"[(3, 'くらいかいなく'), (7, 'てつまんない')]",False,False,7
78.462,78.629,0,くらいかいなくてつまんない,"[(3, 'くらいかいな'), (7, 'くてつまんない')]",False,False,7
78.295,78.462,0,くらいかいなくてつまんない,"[(3, 'くらいかい'), (7, 'なくてつまんない')]",False,False,7
78.128,78.295,0,くらいかいなくてつまんない,"[(3, 'くらいか'), (7, 'いなくてつまんない')]",False,False,7
77.961,78.128,0,くらいかいなくてつまんない,"[(3, 'くらい'), (7, 'かいなくてつまんない')]",False,False,7
77.828,77.961,0,くらいかいなくてつまんない,"[(3, 'くら'), (7, 'いかいなくてつまんない')]",False,False,7
77.661,77.828,0,くらいかいなくてつまんない,"[(3, 'く'), (7, 'らいかいなくてつまんない')]",False,True,7
71.889,72.222,0,くるっちゃってよ,"[(3, 'くるっちゃってよ')]",True,False,7
71.755,71.889,0,くるっちゃってよ,"[(3, 'くるっちゃって'), (7, 'よ')]",False,False,7
71.588,71.755,0,くるっちゃってよ,"[(3, 'くるっちゃっ'), (7, 'てよ')]",False,False,7
71.422,71.588,0,くるっちゃってよ,"[(3, 'くるっちゃ'), (7, 'ってよ')]",False,False,7
71.255,71.422,0,くるっちゃってよ,"[(3, 'くるっ'), (7, 'ちゃってよ')]",False,False,7
71.121,71.255,0,くるっちゃってよ,"[(3, 'くる'), (7, 'っちゃってよ')]",False,False,7
70.954,71.121,0,くるっちゃってよ,"[(3, 'く'), (7, 'るっちゃってよ')]",False,False,7
66.784,67.117,0,くるっちゃってよ,"[(4, 'くるっちゃってよ')]",False,False,7
66.65,66.784,0,くるっちゃってよ,"[(4, 'くるっちゃって'), (7, 'よ')]",False,False,7
66.483,66.65,0,くるっちゃってよ,"[(4, 'くるっちゃっ'), (7, 'てよ')]",False,False,7
66.316,66.483,0,くるっちゃってよ,"[(4, 'くるっちゃ'), (7, 'ってよ')]",False,False,7
66.15,66.316,0,くるっちゃってよ,"[(4, 'くるっ'), (7, 'ちゃってよ')]",False,False,7
66.016,66.15,0,くるっちゃってよ,"[(4, 'くる'), (7, 'っちゃってよ')]",False,False,7
65.849,66.016,0,くるっちゃってよ,"[(4, 'く'), (7, 'るっちゃってよ')]",False,True,7
36.186,36.653,0,こころまっかにしてどうしちゃったの,"[(4, 'こころまっかにしてどうしちゃったの')]",True,False,7
36.02,36.186,0,こころまっかにしてどうしちゃったの,"[(4, 'こころまっかにしてどうしちゃった'), (7, 'の')]",False,False,7
35.886,36.02,0,こころまっかにしてどうしちゃったの,"[(4, 'こころまっかにしてどうしちゃっ'), (7, 'たの')]",False,False,7
35.686,35.886,0,こころまっかにしてどうしちゃったの,"[(4, 'こころまっかにしてどうしちゃ'), (7, 'ったの')]",False,False,7
35.552,35.686,0,こころまっかにしてどうしちゃったの,"[(4, 'こころまっかにしてどうし'), (7, 'ちゃったの')]",False,False,7
35.386,35.552,0,こころまっかにしてどうしちゃったの,"[(4, 'こころまっかにしてどう'), (7, 'しちゃったの')]",False,False,7
35.219,35.386,0,こころまっかにしてどうしちゃったの,"[(4, 'こころまっかにしてど'), (7, 'うしちゃったの')]",False,False,7
35.052,35.219,0,こころまっかにしてどうしちゃったの,"[(4, 'こころまっかにして'), (7, 'どうしちゃったの')]",False,False,7
34.918,35.052,0,こころまっかにしてどうしちゃったの,"[(4, 'こころまっかにし'), (7, 'てどうしちゃったの')]",False,False,7
34.752,34.918,0,こころまっかにしてどうしちゃったの,"[(4, 'こころまっかに'), (7, 'してどうしちゃったの')]",False,False,7
34.585,34.752,0,こころまっかにしてどうしちゃったの,"[(4, 'こころまっか'), (7, 'にしてどうしちゃったの')]",False,False,7
34.418,34.585,0,こころまっかにしてどうしちゃったの,"[(4, 'こころまっ'), (7, 'かにしてどうしちゃったの')]",False,False,7
34.251,34.418,0,こころまっかにしてどうしちゃったの,"[(4, 'こころま'), (7, 'っかにしてどうしちゃったの')]",False,False,7
34.084,34.251,0,こころまっかにしてどうしちゃったの,"[(4, 'こころ'), (7, 'まっかにしてどうしちゃったの')]",False,False,7
33.951,34.084,0,こころまっかにしてどうしちゃったの,"[(4, 'ここ'), (7, 'ろまっかにしてどうしちゃったの')]",False,False,7
33.784,33.951,0,こころまっかにしてどうしちゃったの,"[(4, 'こ'), (7, 'ころまっかにしてどうしちゃったの')]",False,True,7
84.535,84.835,0,すこしだけよくばれるなら,"[(4, 'すこしだけよくばれるなら')]",True,False,7
84.368,84.535,0,すこしだけよくばれるなら,"[(4, 'すこしだけよくばれるな'), (7, 'ら')]",False,False,7
84.201,84.368,0,すこしだけよくばれるなら,"[(4, 'すこしだけよくばれる'), (7, 'なら')]",False,False,7
84.068,84.201,0,すこしだけよくばれるなら,"[(4, 'すこしだけよくばれ'), (7, 'るなら')]",False,False,7
83.901,84.068,0,すこしだけよくばれるなら,"[(4, 'すこしだけよくば'), (7, 'れるなら')]",False,False,7
83.734,83.901,0,すこしだけよくばれるなら,"[(4, 'すこしだけよく'), (7, 'ばれるなら')]",False,False,7
83.567,83.734,0,すこしだけよくばれるなら,"[(4, 'すこしだけよ'), (7, 'くばれるなら')]",False,False,7
83.3,83.567,0,すこしだけよくばれるなら,"[(4, 'すこしだけ'), (7, 'よくばれるなら')]",False,False,7
83.1,83.3,0,すこしだけよくばれるなら,"[(4, 'すこしだ'), (7, 'けよくばれるなら')]",False,False,7
82.933,83.1,0,すこしだけよくばれるなら,"[(4, 'すこし'), (7, 'だけよくばれるなら')]",False,False,7
82.8,82.933,0,すこしだけよくばれるなら,"[(4, 'すこ'), (7, 'しだけよくばれるなら')]",False,False,7
82.566,82.8,0,すこしだけよくばれるなら,"[(4, 'す'), (7, 'こしだけよくばれるなら')]",False,True,7
101.785,102.086,0,すっぴんのあにまる,"[(4, 'すっぴんのあにまる')]",True,False,7
101.585,101.785,0,すっぴんのあにまる,"[(4, 'すっぴんのあにま'), (7, 'る')]",False,False,7
101.452,101.585,0,すっぴんのあにまる,"[(4, 'すっぴんのあに'), (7, 'まる')]",False,False,7
101.285,101.452,0,すっぴんのあにまる,"[(4, 'すっぴんのあ'), (7, 'にまる')]",False,False,7
101.118,101.285,0,すっぴんのあにまる,"[(4, 'すっぴんの'), (7, 'あにまる')]",False,False,7
100.951,101.118,0,すっぴんのあにまる,"[(4, 'すっぴん'), (7, 'のあにまる')]",False,False,7
100.818,100.951,0,すっぴんのあにまる,"[(4, 'すっぴ'), (7, 'んのあにまる')]",False,False,7
100.651,100.818,0,すっぴんのあにまる,"[(4, 'すっ'), (7, 'ぴんのあにまる')]",False,False,7
100.517,100.651,0,すっぴんのあにまる,"[(4, 'す'), (7, 'っぴんのあにまる')]",False,False,7
59.61,59.91,0,すっぴんのあにまる,"[(1, 'すっぴんのあにまる')]",False,False,7
59.443,59.61,0,すっぴんのあにまる,"[(1, 'すっぴんのあにま'), (7, 'る')]",False,False,7
59.309,59.443,0,すっぴんのあにまる,"[(1, 'すっぴんのあに'), (7, 'まる')]",False,False,7
59.143,59.309,0,すっぴんのあにまる,"[(1, 'すっぴんのあ'), (7, 'にまる')]",False,False,7
58.976,59.143,0,すっぴんのあにまる,"[(1, 'すっぴんの'), (7, 'あにまる')]",False,False,7
58.776,58.976,0,すっぴんのあにまる,"[(1, 'すっぴん'), (7, 'のあにまる')]",False,False,7
58.642,58.776,0,すっぴんのあにまる,"[(1, 'すっぴ'), (7, 'んのあにまる')]",False,False,7
58.509,58.642,0,すっぴんのあにまる,"[(1, 'すっ'), (7, 'ぴんのあにまる')]",False,False,7
58.375,58.509,0,すっぴんのあにまる,"[(1, 'す'), (7, 'っぴんのあにまる')]",False,False,7
44.328,44.628,0,すっぴんのあにまる,"[(1, 'すっぴんのあにまる')]",False,False,7
44.128,44.328,0,すっぴんのあにまる,"[(1, 'すっぴんのあにま'), (7, 'る')]",False,False,7
43.994,44.128,0,すっぴんのあにまる,"[(1, 'すっぴんのあに'), (7, 'まる')]",False,False,7
43.827,43.994,0,すっぴんのあにまる,"[(1, 'すっぴんのあ'), (7, 'にまる')]",False,False,7
43.627,43.827,0,すっぴんのあにまる,"[(1, 'すっぴんの'), (7, 'あにまる')]",False,False,7
43.494,43.627,0,すっぴんのあにまる,"[(1, 'すっぴん'), (7, 'のあにまる')]",False,False,7
43.36,43.494,0,すっぴんのあにまる,"[(1, 'すっぴ'), (7, 'んのあにまる')]",False,False,7
43.193,43.36,0,すっぴんのあにまる,"[(1, 'すっ'), (7, 'ぴんのあにまる')]",False,False,7
43.06,43.193,0,すっぴんのあにまる,"[(1, 'す'), (7, 'っぴんのあにまる')]",False,False,7
3.454,3.787,0,すっぴんのあにまる,"[(4, 'すっぴんのあにまる')]",False,False,7
3.287,3.454,0,すっぴんのあにまる,"[(4, 'すっぴんのあにま'), (7, 'る')]",False,False,7
3.12,3.287,0,すっぴんのあにまる,"[(4, 'すっぴんのあに'), (7, 'まる')]",False,False,7
2.987,3.12,0,すっぴんのあにまる,"[(4, 'すっぴんのあ'), (7, 'にまる')]",False,False,7
2.786,2.987,0,すっぴんのあにまる,"[(4, 'すっぴんの'), (7, 'あにまる')]",False,False,7
2.653,2.786,0,すっぴんのあにまる,"[(4, 'すっぴん'), (7, 'のあにまる')]",False,False,7
2.519,2.653,0,すっぴんのあにまる,"[(4, 'すっぴ'), (7, 'んのあにまる')]",False,False,7
2.353,2.519,0,すっぴんのあにまる,"[(4, 'すっ'), (7, 'ぴんのあにまる')]",False,False,7
2.219,2.353,0,すっぴんのあにまる,"[(4, 'す'), (7, 'っぴんのあにまる')]",False,True,7
101.785,102.086,-1,すっぴんのアニマル,"[(4, 'すっぴんのアニマル')]",True,False,7
101.585,101.785,-1,すっぴんのアニマル,"[(4, 'すっぴんのアニマ'), (7, 'ル')]",False,False,7
101.452,101.585,-1,すっぴんのアニマル,"[(4, 'すっぴんのアニ'), (7, 'マル')]",False,False,7
101.285,101.452,-1,すっぴんのアニマル,"[(4, 'すっぴんのア'), (7, 'ニマル')]",False,False,7
101.118,101.285,-1,すっぴんのアニマル,"[(4, 'すっぴんの'), (7, 'アニマル')]",False,False,7
100.951,101.118,-1,すっぴんのアニマル,"[(4, 'すっぴん'), (7, 'のアニマル')]",False,False,7
100.818,100.951,-1,すっぴんのアニマル,"[(4, 'すっぴ'), (7, 'んのアニマル')]",False,False,7
100.651,100.818,-1,すっぴんのアニマル,"[(4, 'すっ'), (7, 'ぴんのアニマル')]",False,False,7
100.517,100.651,-1,すっぴんのアニマル,"[(4, 'す'), (7, 'っぴんのアニマル')]",False,False,7
59.61,59.91,-1,すっぴんのアニマル,"[(1, 'すっぴんのアニマル')]",False,False,7
59.443,59.61,-1,すっぴんのアニマル,"[(1, 'すっぴんのアニマ'), (7, 'ル')]",False,False,7
59.309,59.443,-1,すっぴんのアニマル,"[(1, 'すっぴんのアニ'), (7, 'マル')]",False,False,7
59.143,59.309,-1,すっぴんのアニマル,"[(1, 'すっぴんのア'), (7, 'ニマル')]",False,False,7
58.976,59.143,-1,すっぴんのアニマル,"[(1, 'すっぴんの'), (7, 'アニマル')]",False,False,7
58.776,58.976,-1,すっぴんのアニマル,"[(1, 'すっぴん'), (7, 'のアニマル')]",False,False,7
58.642,58.776,-1,すっぴんのアニマル,"[(1, 'すっぴ'), (7, 'んのアニマル')]",False,False,7
58.509,58.642,-1,すっぴんのアニマル,"[(1, 'すっ'), (7, 'ぴんのアニマル')]",False,False,7
58.375,58.509,-1,すっぴんのアニマル,"[(1, 'す'), (7, 'っぴんのアニマル')]",False,False,7
44.328,44.628,-1,すっぴんのアニマル,"[(1, 'すっぴんのアニマル')]",False,False,7
44.128,44.328,-1,すっぴんのアニマル,"[(1, 'すっぴんのアニマ'), (7, 'ル')]",False,False,7
43.994,44.128,-1,すっぴんのアニマル,"[(1, 'すっぴんのアニ'), (7, 'マル')]",False,False,7
43.827,43.994,-1,すっぴんのアニマル,"[(1, 'すっぴんのア'), (7, 'ニマル')]",False,False,7
43.627,43.827,-1,すっぴんのアニマル,"[(1, 'すっぴんの'), (7, 'アニマル')]",False,False,7
43.494,43.627,-1,すっぴんのアニマル,"[(1, 'すっぴん'), (7, 'のアニマル')]",False,False,7
43.36,43.494,-1,すっぴんのアニマル,"[(1, 'すっぴ'), (7, 'んのアニマル')]",False,False,7
43.193,43.36,-1,すっぴんのアニマル,"[(1, 'すっ'), (7, 'ぴんのアニマル')]",False,False,7
43.06,43.193,-1,すっぴんのアニマル,"[(1, 'す'), (7, 'っぴんのアニマル')]",False,False,7
3.454,3.787,-1,すっぴんのアニマル,"[(4, 'すっぴんのアニマル')]",False,False,7
3.287,3.454,-1,すっぴんのアニマル,"[(4, 'すっぴんのアニマ'), (7, 'ル')]",False,False,7
3.12,3.287,-1,すっぴんのアニマル,"[(4, 'すっぴんのアニ'), (7, 'マル')]",False,False,7
2.987,3.12,-1,すっぴんのアニマル,"[(4, 'すっぴんのア'), (7, 'ニマル')]",False,False,7
2.786,2.987,-1,すっぴんのアニマル,"[(4, 'すっぴんの'), (7, 'アニマル')]",False,False,7
2.653,2.786,-1,すっぴんのアニマル,"[(4, 'すっぴん'), (7, 'のアニマル')]",False,False,7
2.519,2.653,-1,すっぴんのアニマル,"[(4, 'すっぴ'), (7, 'んのアニマル')]",False,False,7
2.353,2.519,-1,すっぴんのアニマル,"[(4, 'すっ'), (7, 'ぴんのアニマル')]",False,False,7
2.219,2.353,-1,すっぴんのアニマル,"[(4, 'す'), (7, 'っぴんのアニマル')]",False,True,7
121.572,121.839,0,ずっきゅんだ,"[(1, 'ずっきゅんだ')]",True,False,7
121.405,121.572,0,ずっきゅんだ,"[(1, 'ずっきゅん'), (7, 'だ')]",False,False,7
121.271,121.405,0,ずっきゅんだ,"[(1, 'ずっきゅ'), (7, 'んだ')]",False,False,7
121.138,121.271,0,ずっきゅんだ,"[(1, 'ずっ'), (7, 'きゅんだ')]",False,False,7
120.971,121.138,0,ずっきゅんだ,"[(1, 'ず'), (7, 'っきゅんだ')]",False,False,7
53.904,54.204,0,ずっきゅんだ,"[(1, 'ずっきゅんだ')]",False,False,7
53.737,53.904,0,ずっきゅんだ,"[(1, 'ずっきゅん'), (7, 'だ')]",False,False,7
53.57,53.737,0,ずっきゅんだ,"[(1, 'ずっきゅ'), (7, 'んだ')]",False,False,7
53.437,53.57,0,ずっきゅんだ,"[(1, 'ずっ'), (7, 'きゅんだ')]",False,False,7
53.27,53.437,0,ずっきゅんだ,"[(1, 'ず'), (7, 'っきゅんだ')]",False,False,7
121.572,121.839,-1,ずっきゅんだ,"[(1, 'ずっきゅんだ')]",False,False,7
121.405,121.572,-1,ずっきゅんだ,"[(1, 'ずっきゅん'), (7, 'だ')]",False,False,7
121.271,121.405,-1,ずっきゅんだ,"[(1, 'ずっきゅ'), (7, 'んだ')]",False,False,7
121.138,121.271,-1,ずっきゅんだ,"[(1, 'ずっ'), (7, 'きゅんだ')]",False,False,7
120.971,121.138,-1,ずっきゅんだ,"[(1, 'ず'), (7, 'っきゅんだ')]",False,False,7
53.904,54.204,-1,ずっきゅんだ,"[(1, 'ずっきゅんだ')]",False,False,7
53.737,53.904,-1,ずっきゅんだ,"[(1, 'ずっきゅん'), (7, 'だ')]",False,False,7
53.57,53.737,-1,ずっきゅんだ,"[(1, 'ずっきゅ'), (7, 'んだ')]",False,False,7
53.437,53.57,-1,ずっきゅんだ,"[(1, 'ずっ'), (7, 'きゅんだ')]",False,False,7
53.27,53.437,-1,ずっきゅんだ,"[(1, 'ず'), (7, 'っきゅんだ')]",False,True,7
82.132,82.566,0,せめてちょっとこばんでほしかったな,"[(3, 'せめてちょっとこばんでほしかったな')]",True,False,7
81.932,82.132,0,せめてちょっとこばんでほしかったな,"[(3, 'せめてちょっとこばんでほしかった'), (7, 'な')]",False,False,7
81.799,81.932,0,せめてちょっとこばんでほしかったな,"[(3, 'せめてちょっとこばんでほしかっ'), (7, 'たな')]",False,False,7
81.632,81.799,0,せめてちょっとこばんでほしかったな,"[(3, 'せめてちょっとこばんでほしか'), (7, 'ったな')]",False,False,7
81.498,81.632,0,せめてちょっとこばんでほしかったな,"[(3, 'せめてちょっとこばんでほし'), (7, 'かったな')]",False,False,7
81.331,81.498,0,せめてちょっとこばんでほしかったな,"[(3, 'せめてちょっとこばんでほ'), (7, 'しかったな')]",False,False,7
81.165,81.331,0,せめてちょっとこばんでほしかったな,"[(3, 'せめてちょっとこばんで'), (7, 'ほしかったな')]",False,False,7
80.998,81.165,0,せめてちょっとこばんでほしかったな,"[(3, 'せめてちょっとこばん'), (7, 'でほしかったな')]",False,False,7
80.831,80.998,0,せめてちょっとこばんでほしかったな,"[(3, 'せめてちょっとこば'), (7, 'んでほしかったな')]",False,False,7
80.697,80.831,0,せめてちょっとこばんでほしかったな,"[(3, 'せめてちょっとこ'), (7, 'ばんでほしかったな')]",False,False,7
80.531,80.697,0,せめてちょっとこばんでほしかったな,"[(3, 'せめてちょっと'), (7, 'こばんでほしかったな')]",False,False,7
80.364,80.531,0,せめてちょっとこばんでほしかったな,"[(3, 'せめてちょっ'), (7, 'とこばんでほしかったな')]",False,False,7
80.197,80.364,0,せめてちょっとこばんでほしかったな,"[(3, 'せめてちょ'), (7, 'っとこばんでほしかったな')]",False,False,7
80.03,80.197,0,せめてちょっとこばんでほしかったな,"[(3, 'せめて'), (7, 'ちょっとこばんでほしかったな')]",False,False,7
79.897,80.03,0,せめてちょっとこばんでほしかったな,"[(3, 'せめ'), (7, 'てちょっとこばんでほしかったな')]",False,False,7
79.763,79.897,0,せめてちょっとこばんでほしかったな,"[(3, 'せ'), (7, 'めてちょっとこばんでほしかったな')]",False,True,7
82.132,82.566,-1,せめてちょっと拒んでほしかったな,"[(3, 'せめてちょっと拒んでほしかったな')]",True,False,7
81.932,82.132,-1,せめてちょっと拒んでほしかったな,"[(3, 'せめてちょっと拒んでほしかった'), (7, 'な')]",False,False,7
81.799,81.932,-1,せめてちょっと拒んでほしかったな,"[(3, 'せめてちょっと拒んでほしかっ'), (7, 'たな')]",False,False,7
81.632,81.799,-1,せめてちょっと拒んでほしかったな,"[(3, 'せめてちょっと拒んでほしか'), (7, 'ったな')]",False,False,7
81.498,81.632,-1,せめてちょっと拒んでほしかったな,"[(3, 'せめてちょっと拒んでほし'), (7, 'かったな')]",False,False,7
81.331,81.498,-1,せめてちょっと拒んでほしかったな,"[(3, 'せめてちょっと拒んでほ'), (7, 'しかったな')]",False,False,7
81.165,81.331,-1,せめてちょっと拒んでほしかったな,"[(3, 'せめてちょっと拒んで'), (7, 'ほしかったな')]",False,False,7
80.998,81.165,-1,せめてちょっと拒んでほしかったな,"[(3, 'せめてちょっと拒ん'), (7, 'でほしかったな')]",False,False,7
80.831,80.998,-1,せめてちょっと拒んでほしかったな,"[(3, 'せめてちょっと拒'), (7, 'んでほしかったな')]",False,False,7
80.697,80.831,-1,せめてちょっと拒んでほしかったな,"[(3, 'せめてちょっと拒'), (7, 'んでほしかったな')]",False,False,7
80.531,80.697,-1,せめてちょっと拒んでほしかったな,"[(3, 'せめてちょっと'), (7, '拒んでほしかったな')]",False,False,7
80.364,80.531,-1,せめてちょっと拒んでほしかったな,"[(3, 'せめてちょっ'), (7, 'と拒んでほしかったな')]",False,False,7
80.197,80.364,-1,せめてちょっと拒んでほしかったな,"[(3, 'せめてちょ'), (7, 'っと拒んでほしかったな')]",False,False,7
80.03,80.197,-1,せめてちょっと拒んでほしかったな,"[(3, 'せめて'), (7, 'ちょっと拒んでほしかったな')]",False,False,7
79.897,80.03,-1,せめてちょっと拒んでほしかったな,"[(3, 'せめ'), (7, 'てちょっと拒んでほしかったな')]",False,False,7
79.763,79.897,-1,せめてちょっと拒んでほしかったな,"[(3, 'せ'), (7, 'めてちょっと拒んでほしかったな')]",False,True,7
23.707,24.041,0,たかまるびーと,"[(4, 'たかまるびーと')]",True,False,7
23.574,23.707,0,たかまるびーと,"[(4, 'たかまるびー'), (7, 'と')]",False,False,7
23.407,23.574,0,たかまるびーと,"[(4, 'たかまるび'), (7, 'ーと')]",False,False,7
23.24,23.407,0,たかまるびーと,"[(4, 'たかまる'), (7, 'びーと')]",False,False,7
23.073,23.24,0,たかまるびーと,"[(4, 'たかま'), (7, 'るびーと')]",False,False,7
22.906,23.073,0,たかまるびーと,"[(4, 'たか'), (7, 'まるびーと')]",False,False,7
22.606,22.906,0,たかまるびーと,"[(4, 'た'), (7, 'かまるびーと')]",False,True,7
117.234,117.401,0,だってまてもできない,"[(1, 'だってまてもできない')]",True,False,7
117.101,117.234,0,だってまてもできない,"[(1, 'だってまてもできな'), (7, 'い')]",False,False,7
116.9,117.101,0,だってまてもできない,"[(1, 'だってまてもでき'), (7, 'ない')]",False,False,7
116.767,116.9,0,だってまてもできない,"[(1, 'だってまてもで'), (7, 'きない')]",False,False,7
116.567,116.767,0,だってまてもできない,"[(1, 'だってまても'), (7, 'できない')]",False,False,7
116.433,116.567,0,だってまてもできない,"[(1, 'だってまて'), (7, 'もできない')]",False,False,7
116.266,116.433,0,だってまてもできない,"[(1, 'だってま'), (7, 'てもできない')]",False,False,7
116.1,116.266,0,だってまてもできない,"[(1, 'だって'), (7, 'まてもできない')]",False,False,7
115.966,116.1,0,だってまてもできない,"[(1, 'だっ'), (7, 'てまてもできない')]",False,False,7
115.799,115.966,0,だってまてもできない,"[(1, 'だ'), (7, 'ってまてもできない')]",False,False,7
107.091,107.257,0,だってまてもできない,"[(3, 'だってまてもできない')]",False,False,7
106.924,107.091,0,だってまてもできない,"[(3, 'だってまてもできな'), (7, 'い')]",False,False,7
106.723,106.924,0,だってまてもできない,"[(3, 'だってまてもでき'), (7, 'ない')]",False,False,7
106.557,106.723,0,だってまてもできない,"[(3, 'だってまてもで'), (7, 'きない')]",False,False,7
106.39,106.557,0,だってまてもできない,"[(3, 'だってまても'), (7, 'できない')]",False,False,7
106.256,106.39,0,だってまてもできない,"[(3, 'だってまて'), (7, 'もできない')]",False,False,7
106.056,106.256,0,だってまてもできない,"[(3, 'だってま'), (7, 'てもできない')]",False,False,7
105.923,106.056,0,だってまてもできない,"[(3, 'だって'), (7, 'まてもできない')]",False,False,7
105.756,105.923,0,だってまてもできない,"[(3, 'だっ'), (7, 'てまてもできない')]",False,False,7
105.589,105.756,0,だってまてもできない,"[(3, 'だ'), (7, 'ってまてもできない')]",False,False,7
49.6,49.733,0,だってまてもできない,"[(3, 'だってまてもできない')]",False,False,7
49.466,49.6,0,だってまてもできない,"[(3, 'だってまてもできな'), (7, 'い')]",False,False,7
49.299,49.466,0,だってまてもできない,"[(3, 'だってまてもでき'), (7, 'ない')]",False,False,7
49.133,49.299,0,だってまてもできない,"[(3, 'だってまてもで'), (7, 'きない')]",False,False,7
48.966,49.133,0,だってまてもできない,"[(3, 'だってまても'), (7, 'できない')]",False,False,7
48.799,48.966,0,だってまてもできない,"[(3, 'だってまて'), (7, 'もできない')]",False,False,7
48.632,48.799,0,だってまてもできない,"[(3, 'だってま'), (7, 'てもできない')]",False,False,7
48.465,48.632,0,だってまてもできない,"[(3, 'だって'), (7, 'まてもできない')]",False,False,7
48.332,48.465,0,だってまてもできない,"[(3, 'だっ'), (7, 'てまてもできない')]",False,False,7
48.165,48.332,0,だってまてもできない,"[(3, 'だ'), (7, 'ってまてもできない')]",False,False,7
8.726,8.892,0,だってまてもできない,"[(3, 'だってまてもできない')]",False,False,7
8.559,8.726,0,だってまてもできない,"[(3, 'だってまてもできな'), (7, 'い')]",False,False,7
8.425,8.559,0,だってまてもできない,"[(3, 'だってまてもでき'), (7, 'ない')]",False,False,7
8.225,8.425,0,だってまてもできない,"[(3, 'だってまてもで'), (7, 'きない')]",False,False,7
8.092,8.225,0,だってまてもできない,"[(3, 'だってまても'), (7, 'できない')]",False,False,7
7.925,8.092,0,だってまてもできない,"[(3, 'だってまて'), (7, 'もできない')]",False,False,7
7.758,7.925,0,だってまてもできない,"[(3, 'だってま'), (7, 'てもできない')]",False,False,7
7.591,7.758,0,だってまてもできない,"[(3, 'だって'), (7, 'まてもできない')]",False,False,7
7.458,7.591,0,だってまてもできない,"[(3, 'だっ'), (7, 'てまてもできない')]",False,False,7
7.291,7.458,0,だってまてもできない,"[(3, 'だ'), (7, 'ってまてもできない')]",False,True,7
117.234,117.401,-1,だって待てもできない,"[(1, 'だって待てもできない')]",True,False,7
117.101,117.234,-1,だって待てもできない,"[(1, 'だって待てもできな'), (7, 'い')]",False,False,7
116.9,117.101,-1,だって待てもできない,"[(1, 'だって待てもでき'), (7, 'ない')]",False,False,7
116.767,116.9,-1,だって待てもできない,"[(1, 'だって待てもで'), (7, 'きない')]",False,False,7
116.567,116.767,-1,だって待てもできない,"[(1, 'だって待ても'), (7, 'できない')]",False,False,7
116.433,116.567,-1,だって待てもできない,"[(1, 'だって待て'), (7, 'もできない')]",False,False,7
116.266,116.433,-1,だって待てもできない,"[(1, 'だって待'), (7, 'てもできない')]",False,False,7
116.1,116.266,-1,だって待てもできない,"[(1, 'だって'), (7, '待てもできない')]",False,False,7
115.966,116.1,-1,だって待てもできない,"[(1, 'だっ'), (7, 'て待てもできない')]",False,False,7
115.799,115.966,-1,だって待てもできない,"[(1, 'だ'), (7, 'って待てもできない')]",False,False,7
107.091,107.257,-1,だって待てもできない,"[(3, 'だって待てもできない')]",False,False,7
106.924,107.091,-1,だって待てもできない,"[(3, 'だって待てもできな'), (7, 'い')]",False,False,7
106.723,106.924,-1,だって待てもできない,"[(3, 'だって待てもでき'), (7, 'ない')]",False,False,7
106.557,106.723,-1,だって待てもできない,"[(3, 'だって待てもで'), (7, 'きない')]",False,False,7
106.39,106.557,-1,だって待てもできない,"[(3, 'だって待ても'), (7, 'できない')]",False,False,7
106.256,106.39,-1,だって待てもできない,"[(3, 'だって待て'), (7, 'もできない')]",False,False,7
106.056,106.256,-1,だって待てもできない,"[(3, 'だって待'), (7, 'てもできない')]",False,False,7
105.923,106.056,-1,だって待てもできない,"[(3, 'だって'), (7, '待てもできない')]",False,False,7
105.756,105.923,-1,だって待てもできない,"[(3, 'だっ'), (7, 'て待てもできない')]",False,False,7
105.589,105.756,-1,だって待てもできない,"[(3, 'だ'), (7, 'って待てもできない')]",False,False,7
49.6,49.733,-1,だって待てもできない,"[(3, 'だって待てもできない')]",False,False,7
49.466,49.6,-1,だって待てもできない,"[(3, 'だって待てもできな'), (7, 'い')]",False,False,7
49.299,49.466,-1,だって待てもできない,"[(3, 'だって待てもでき'), (7, 'ない')]",False,False,7
49.133,49.299,-1,だって待てもできない,"[(3, 'だって待てもで'), (7, 'きない')]",False,False,7
48.966,49.133,-1,だって待てもできない,"[(3, 'だって待ても'), (7, 'できない')]",False,False,7
48.799,48.966,-1,だって待てもできない,"[(3, 'だって待て'), (7, 'もできない')]",False,False,7
48.632,48.799,-1,だって待てもできない,"[(3, 'だって待'), (7, 'てもできない')]",False,False,7
48.465,48.632,-1,だって待てもできない,"[(3, 'だって'), (7, '待てもできない')]",False,False,7
48.332,48.465,-1,だって待てもできない,"[(3, 'だっ'), (7, 'て待てもできない')]",False,False,7
48.165,48.332,-1,だって待てもできない,"[(3, 'だ'), (7, 'って待てもできない')]",False,False,7
8.726,8.892,-1,だって待てもできない,"[(3, 'だって待てもできない')]",False,False,7
8.559,8.726,-1,だって待てもできない,"[(3, 'だって待てもできな'), (7, 'い')]",False,False,7
8.425,8.559,-1,だって待てもできない,"[(3, 'だって待てもでき'), (7, 'ない')]",False,False,7
8.225,8.425,-1,だって待てもできない,"[(3, 'だって待てもで'), (7, 'きない')]",False,False,7
8.092,8.225,-1,だって待てもできない,"[(3, 'だって待ても'), (7, 'できない')]",False,False,7
7.925,8.092,-1,だって待てもできない,"[(3, 'だって待て'), (7, 'もできない')]",False,False,7
7.758,7.925,-1,だって待てもできない,"[(3, 'だって待'), (7, 'てもできない')]",False,False,7
7.591,7.758,-1,だって待てもできない,"[(3, 'だって'), (7, '待てもできない')]",False,False,7
7.458,7.591,-1,だって待てもできない,"[(3, 'だっ'), (7, 'て待てもできない')]",False,False,7
7.291,7.458,-1,だって待てもできない,"[(3, 'だ'), (7, 'って待てもできない')]",False,True,7
28.846,29.146,0,とっぱするげーと,"[(3, 'とっぱするげーと')]",True,False,7
28.679,28.846,0,とっぱするげーと,"[(3, 'とっぱするげー'), (7, 'と')]",False,False,7
28.512,28.679,0,とっぱするげーと,"[(3, 'とっぱするげ'), (7, 'ーと')]",False,False,7
28.345,28.512,0,とっぱするげーと,"[(3, 'とっぱする'), (7, 'げーと')]",False,False,7
28.212,28.345,0,とっぱするげーと,"[(3, 'とっぱす'), (7, 'るげーと')]",False,False,7
28.012,28.212,0,とっぱするげーと,"[(3, 'とっぱ'), (7, 'するげーと')]",False,False,7
27.878,28.012,0,とっぱするげーと,"[(3, 'とっ'), (7, 'ぱするげーと')]",False,False,7
27.745,27.878,0,とっぱするげーと,"[(3, 'と'), (7, 'っぱするげーと')]",False,True,7
149.066,149.299,0,にゃーおうーにゃお,"[(1, 'にゃーおうーにゃお')]",True,False,7
148.799,149.066,0,にゃーおうーにゃお,"[(1, 'にゃーおうーにゃ'), (7, 'お')]",False,False,7
148.499,148.799,0,にゃーおうーにゃお,"[(1, 'にゃーおうー'), (7, 'にゃお')]",False,False,7
148.198,148.499,0,にゃーおうーにゃお,"[(1, 'にゃーお'), (7, 'うーにゃお')]",False,False,7
147.865,148.198,0,にゃーおうーにゃお,"[(1, 'にゃー'), (7, 'おうーにゃお')]",False,False,7
149.066,149.299,-1,にゃーおうーにゃお,"[(1, 'にゃーおうーにゃお')]",False,False,7
148.799,149.066,-1,にゃーおうーにゃお,"[(1, 'にゃーおうーにゃ'), (7, 'お')]",False,False,7
148.499,148.799,-1,にゃーおうーにゃお,"[(1, 'にゃーおうー'), (7, 'にゃお')]",False,False,7
148.198,148.499,-1,にゃーおうーにゃお,"[(1, 'にゃーお'), (7, 'うーにゃお')]",False,False,7
147.865,148.198,-1,にゃーおうーにゃお,"[(1, 'にゃー'), (7, 'おうーにゃお')]",False,True,7
147.397,147.865,0,にゃーおうーにゃおしゃしゃしゃ,"[(1, 'にゃーおうーにゃおしゃしゃしゃ')]",True,False,7
147.064,147.397,0,にゃーおうーにゃおしゃしゃしゃ,"[(1, 'にゃーおうーにゃおしゃしゃ'), (7, 'しゃ')]",False,False,7
146.797,147.064,0,にゃーおうーにゃおしゃしゃしゃ,"[(1, 'にゃーおうーにゃおしゃ'), (7, 'しゃしゃ')]",False,False,7
146.53,146.797,0,にゃーおうーにゃおしゃしゃしゃ,"[(1, 'にゃーおうーにゃお'), (7, 'しゃしゃしゃ')]",False,False,7
146.23,146.53,0,にゃーおうーにゃおしゃしゃしゃ,"[(1, 'にゃーおうーにゃ'), (7, 'おしゃしゃしゃ')]",False,False,7
145.963,146.23,0,にゃーおうーにゃおしゃしゃしゃ,"[(1, 'にゃーおうー'), (7, 'にゃおしゃしゃしゃ')]",False,False,7
145.629,145.963,0,にゃーおうーにゃおしゃしゃしゃ,"[(1, 'にゃーお'), (7, 'うーにゃおしゃしゃしゃ')]",False,False,7
145.295,145.629,0,にゃーおうーにゃおしゃしゃしゃ,"[(1, 'にゃー'), (7, 'おうーにゃおしゃしゃしゃ')]",False,False,7
144.862,145.295,0,にゃーおうーにゃおしゃしゃしゃ,"[(1, 'にゃーおうーにゃおしゃしゃしゃ')]",False,False,7
144.495,144.862,0,にゃーおうーにゃおしゃしゃしゃ,"[(1, 'にゃーおうーにゃおしゃしゃ'), (7, 'しゃ')]",False,False,7
144.194,144.495,0,にゃーおうーにゃおしゃしゃしゃ,"[(1, 'にゃーおうーにゃおしゃ'), (7, 'しゃしゃ')]",False,False,7
143.961,144.194,0,にゃーおうーにゃおしゃしゃしゃ,"[(1, 'にゃーおうーにゃお'), (7, 'しゃしゃしゃ')]",False,False,7
143.727,143.961,0,にゃーおうーにゃおしゃしゃしゃ,"[(1, 'にゃーおうーにゃ'), (7, 'おしゃしゃしゃ')]",False,False,7
143.393,143.727,0,にゃーおうーにゃおしゃしゃしゃ,"[(1, 'にゃーおうー'), (7, 'にゃおしゃしゃしゃ')]",False,False,7
143.127,143.393,0,にゃーおうーにゃおしゃしゃしゃ,"[(1, 'にゃーお'), (7, 'うーにゃおしゃしゃしゃ')]",False,False,7
142.793,143.127,0,にゃーおうーにゃおしゃしゃしゃ,"[(1, 'にゃー'), (7, 'おうーにゃおしゃしゃしゃ')]",False,False,7
142.326,142.793,0,にゃーおうーにゃおしゃしゃしゃ,"[(1, 'にゃーおうーにゃおしゃしゃしゃ')]",False,False,7
141.959,142.326,0,にゃーおうーにゃおしゃしゃしゃ,"[(1, 'にゃーおうーにゃおしゃしゃ'), (7, 'しゃ')]",False,False,7
141.692,141.959,0,にゃーおうーにゃおしゃしゃしゃ,"[(1, 'にゃーおうーにゃおしゃ'), (7, 'しゃしゃ')]",False,False,7
141.425,141.692,0,にゃーおうーにゃおしゃしゃしゃ,"[(1, 'にゃーおうーにゃお'), (7, 'しゃしゃしゃ')]",False,False,7
141.158,141.425,0,にゃーおうーにゃおしゃしゃしゃ,"[(1, 'にゃーおうーにゃ'), (7, 'おしゃしゃしゃ')]",False,False,7
140.858,141.158,0,にゃーおうーにゃおしゃしゃしゃ,"[(1, 'にゃーおうー'), (7, 'にゃおしゃしゃしゃ')]",False,False,7
140.557,140.858,0,にゃーおうーにゃおしゃしゃしゃ,"[(1, 'にゃーお'), (7, 'うーにゃおしゃしゃしゃ')]",False,False,7
140.19,140.557,0,にゃーおうーにゃおしゃしゃしゃ,"[(1, 'にゃー'), (7, 'おうーにゃおしゃしゃしゃ')]",False,False,7
137.254,137.654,0,にゃーおうーにゃおしゃしゃしゃ,"[(1, 'にゃーおうーにゃおしゃしゃしゃ')]",False,False,7
136.887,137.254,0,にゃーおうーにゃおしゃしゃしゃ,"[(1, 'にゃーおうーにゃおしゃしゃ'), (7, 'しゃ')]",False,False,7
136.587,136.887,0,にゃーおうーにゃおしゃしゃしゃ,"[(1, 'にゃーおうーにゃおしゃ'), (7, 'しゃしゃ')]",False,False,7
136.32,136.587,0,にゃーおうーにゃおしゃしゃしゃ,"[(1, 'にゃーおうーにゃお'), (7, 'しゃしゃしゃ')]",False,False,7
136.053,136.32,0,にゃーおうーにゃおしゃしゃしゃ,"[(1, 'にゃーおうーにゃ'), (7, 'おしゃしゃしゃ')]",False,False,7
135.752,136.053,0,にゃーおうーにゃおしゃしゃしゃ,"[(1, 'にゃーおうー'), (7, 'にゃおしゃしゃしゃ')]",False,False,7
135.452,135.752,0,にゃーおうーにゃおしゃしゃしゃ,"[(1, 'にゃーお'), (7, 'うーにゃおしゃしゃしゃ')]",False,False,7
135.119,135.452,0,にゃーおうーにゃおしゃしゃしゃ,"[(1, 'にゃー'), (7, 'おうーにゃおしゃしゃしゃ')]",False,False,7
134.685,135.119,0,にゃーおうーにゃおしゃしゃしゃ,"[(1, 'にゃーおうーにゃおしゃしゃしゃ')]",False,False,7
134.318,134.685,0,にゃーおうーにゃおしゃしゃしゃ,"[(1, 'にゃーおうーにゃおしゃしゃ'), (7, 'しゃ')]",False,False,7
134.051,134.318,0,にゃーおうーにゃおしゃしゃしゃ,"[(1, 'にゃーおうーにゃおしゃ'), (7, 'しゃしゃ')]",False,False,7
133.784,134.051,0,にゃーおうーにゃおしゃしゃしゃ,"[(1, 'にゃーおうーにゃお'), (7, 'しゃしゃしゃ')]",False,False,7
133.517,133.784,0,にゃーおうーにゃおしゃしゃしゃ,"[(1, 'にゃーおうーにゃ'), (7, 'おしゃしゃしゃ')]",False,False,7
133.217,133.517,0,にゃーおうーにゃおしゃしゃしゃ,"[(1, 'にゃーおうー'), (7, 'にゃおしゃしゃしゃ')]",False,False,7
132.883,133.217,0,にゃーおうーにゃおしゃしゃしゃ,"[(1, 'にゃーお'), (7, 'うーにゃおしゃしゃしゃ')]",False,False,7
132.549,132.883,0,にゃーおうーにゃおしゃしゃしゃ,"[(1, 'にゃー'), (7, 'おうーにゃおしゃしゃしゃ')]",False,False,7
132.116,132.549,0,にゃーおうーにゃおしゃしゃしゃ,"[(1, 'にゃーおうーにゃおしゃしゃしゃ')]",False,False,7
131.748,132.116,0,にゃーおうーにゃおしゃしゃしゃ,"[(1, 'にゃーおうーにゃおしゃしゃ'), (7, 'しゃ')]",False,False,7
131.482,131.748,0,にゃーおうーにゃおしゃしゃしゃ,"[(1, 'にゃーおうーにゃおしゃ'), (7, 'しゃしゃ')]",False,False,7
131.215,131.482,0,にゃーおうーにゃおしゃしゃしゃ,"[(1, 'にゃーおうーにゃお'), (7, 'しゃしゃしゃ')]",False,False,7
130.948,131.215,0,にゃーおうーにゃおしゃしゃしゃ,"[(1, 'にゃーおうーにゃ'), (7, 'おしゃしゃしゃ')]",False,False,7
130.647,130.948,0,にゃーおうーにゃおしゃしゃしゃ,"[(1, 'にゃーおうー'), (7, 'にゃおしゃしゃしゃ')]",False,False,7
130.314,130.647,0,にゃーおうーにゃおしゃしゃしゃ,"[(1, 'にゃーお'), (7, 'うーにゃおしゃしゃしゃ')]",False,False,7
129.98,130.314,0,にゃーおうーにゃおしゃしゃしゃ,"[(1, 'にゃー'), (7, 'おうーにゃおしゃしゃしゃ')]",False,False,7
147.397,147.865,-1,にゃーおうーにゃおしゃしゃしゃ,"[(1, 'にゃーおうーにゃおしゃしゃしゃ')]",False,False,7
147.064,147.397,-1,にゃーおうーにゃおしゃしゃしゃ,"[(1, 'にゃーおうーにゃおしゃしゃ'), (7, 'しゃ')]",False,False,7
146.797,147.064,-1,にゃーおうーにゃおしゃしゃしゃ,"[(1, 'にゃーおうーにゃおしゃ'), (7, 'しゃしゃ')]",False,False,7
146.53,146.797,-1,にゃーおうーにゃおしゃしゃしゃ,"[(1, 'にゃーおうーにゃお'), (7, 'しゃしゃしゃ')]",False,False,7
146.23,146.53,-1,にゃーおうーにゃおしゃしゃしゃ,"[(1, 'にゃーおうーにゃ'), (7, 'おしゃしゃしゃ')]",False,False,7
145.963,146.23,-1,にゃーおうーにゃおしゃしゃしゃ,"[(1, 'にゃーおうー'), (7, 'にゃおしゃしゃしゃ')]",False,False,7
145.629,145.963,-1,にゃーおうーにゃおしゃしゃしゃ,"[(1, 'にゃーお'), (7, 'うーにゃおしゃしゃしゃ')]",False,False,7
145.295,145.629,-1,にゃーおうーにゃおしゃしゃしゃ,"[(1, 'にゃー'), (7, 'おうーにゃおしゃしゃしゃ')]",False,False,7
144.862,145.295,-1,にゃーおうーにゃおしゃしゃしゃ,"[(1, 'にゃーおうーにゃおしゃしゃしゃ')]",False,False,7
144.495,144.862,-1,にゃーおうーにゃおしゃしゃしゃ,"[(1, 'にゃーおうーにゃおしゃしゃ'), (7, 'しゃ')]",False,False,7
144.194,144.495,-1,にゃーおうーにゃおしゃしゃしゃ,"[(1, 'にゃーおうーにゃおしゃ'), (7, 'しゃしゃ')]",False,False,7
143.961,144.194,-1,にゃーおうーにゃおしゃしゃしゃ,"[(1, 'にゃーおうーにゃお'), (7, 'しゃしゃしゃ')]",False,False,7
143.727,143.961,-1,にゃーおうーにゃおしゃしゃしゃ,"[(1, 'にゃーおうーにゃ'), (7, 'おしゃしゃしゃ')]",False,False,7
143.393,143.727,-1,にゃーおうーにゃおしゃしゃしゃ,"[(1, 'にゃーおうー'), (7, 'にゃおしゃしゃしゃ')]",False,False,7
143.127,143.393,-1,にゃーおうーにゃおしゃしゃしゃ,"[(1, 'にゃーお'), (7, 'うーにゃおしゃしゃしゃ')]",False,False,7
142.793,143.127,-1,にゃーおうーにゃおしゃしゃしゃ,"[(1, 'にゃー'), (7, 'おうーにゃおしゃしゃしゃ')]",False,False,7
142.326,142.793,-1,にゃーおうーにゃおしゃしゃしゃ,"[(1, 'にゃーおうーにゃおしゃしゃしゃ')]",False,False,7
141.959,142.326,-1,にゃーおうーにゃおしゃしゃしゃ,"[(1, 'にゃーおうーにゃおしゃしゃ'), (7, 'しゃ')]",False,False,7
141.692,141.959,-1,にゃーおうーにゃおしゃしゃしゃ,"[(1, 'にゃーおうーにゃおしゃ'), (7, 'しゃしゃ')]",False,False,7
141.425,141.692,-1,にゃーおうーにゃおしゃしゃしゃ,"[(1, 'にゃーおうーにゃお'), (7, 'しゃしゃしゃ')]",False,False,7
141.158,141.425,-1,にゃーおうーにゃおしゃしゃしゃ,"[(1, 'にゃーおうーにゃ'), (7, 'おしゃしゃしゃ')]",False,False,7
140.858,141.158,-1,にゃーおうーにゃおしゃしゃしゃ,"[(1, 'にゃーおうー'), (7, 'にゃおしゃしゃしゃ')]",False,False,7
140.557,140.858,-1,にゃーおうーにゃおしゃしゃしゃ,"[(1, 'にゃーお'), (7, 'うーにゃおしゃしゃしゃ')]",False,False,7
140.19,140.557,-1,にゃーおうーにゃおしゃしゃしゃ,"[(1, 'にゃー'), (7, 'おうーにゃおしゃしゃしゃ')]",False,False,7
137.254,137.654,-1,にゃーおうーにゃおしゃしゃしゃ,"[(1, 'にゃーおうーにゃおしゃしゃしゃ')]",False,False,7
136.887,137.254,-1,にゃーおうーにゃおしゃしゃしゃ,"[(1, 'にゃーおうーにゃおしゃしゃ'), (7, 'しゃ')]",False,False,7
136.587,136.887,-1,にゃーおうーにゃおしゃしゃしゃ,"[(1, 'にゃーおうーにゃおしゃ'), (7, 'しゃしゃ')]",False,False,7
136.32,136.587,-1,にゃーおうーにゃおしゃしゃしゃ,"[(1, 'にゃーおうーにゃお'), (7, 'しゃしゃしゃ')]",False,False,7
136.053,136.32,-1,にゃーおうーにゃおしゃしゃしゃ,"[(1, 'にゃーおうーにゃ'), (7, 'おしゃしゃしゃ')]",False,False,7
135.752,136.053,-1,にゃーおうーにゃおしゃしゃしゃ,"[(1, 'にゃーおうー'), (7, 'にゃおしゃしゃしゃ')]",False,False,7
135.452,135.752,-1,にゃーおうーにゃおしゃしゃしゃ,"[(1, 'にゃーお'), (7, 'うーにゃおしゃしゃしゃ')]",False,False,7
135.119,135.452,-1,にゃーおうーにゃおしゃしゃしゃ,"[(1, 'にゃー'), (7, 'おうーにゃおしゃしゃしゃ')]",False,False,7
134.685,135.119,-1,にゃーおうーにゃおしゃしゃしゃ,"[(1, 'にゃーおうーにゃおしゃしゃしゃ')]",False,False,7
134.318,134.685,-1,にゃーおうーにゃおしゃしゃしゃ,"[(1, 'にゃーおうーにゃおしゃしゃ'), (7, 'しゃ')]",False,False,7
134.051,134.318,-1,にゃーおうーにゃおしゃしゃしゃ,"[(1, 'にゃーおうーにゃおしゃ'), (7, 'しゃしゃ')]",False,False,7
133.784,134.051,-1,にゃーおうーにゃおしゃしゃしゃ,"[(1, 'にゃーおうーにゃお'), (7, 'しゃしゃしゃ')]",False,False,7
133.517,133.784,-1,にゃーおうーにゃおしゃしゃしゃ,"[(1, 'にゃーおうーにゃ'), (7, 'おしゃしゃしゃ')]",False,False,7
133.217,133.517,-1,にゃーおうーにゃおしゃしゃしゃ,"[(1, 'にゃーおうー'), (7, 'にゃおしゃしゃしゃ')]",False,False,7
132.883,133.217,-1,にゃーおうーにゃおしゃしゃしゃ,"[(1, 'にゃーお'), (7, 'うーにゃおしゃしゃしゃ')]",False,False,7
132.549,132.883,-1,にゃーおうーにゃおしゃしゃしゃ,"[(1, 'にゃー'), (7, 'おうーにゃおしゃしゃしゃ')]",False,False,7
132.116,132.549,-1,にゃーおうーにゃおしゃしゃしゃ,"[(1, 'にゃーおうーにゃおしゃしゃしゃ')]",False,False,7
131.748,132.116,-1,にゃーおうーにゃおしゃしゃしゃ,"[(1, 'にゃーおうーにゃおしゃしゃ'), (7, 'しゃ')]",False,False,7
131.482,131.748,-1,にゃーおうーにゃおしゃしゃしゃ,"[(1, 'にゃーおうーにゃおしゃ'), (7, 'しゃしゃ')]",False,False,7
131.215,131.482,-1,にゃーおうーにゃおしゃしゃしゃ,"[(1, 'にゃーおうーにゃお'), (7, 'しゃしゃしゃ')]",False,False,7
130.948,131.215,-1,にゃーおうーにゃおしゃしゃしゃ,"[(1, 'にゃーおうーにゃ'), (7, 'おしゃしゃしゃ')]",False,False,7
130.647,130.948,-1,にゃーおうーにゃおしゃしゃしゃ,"[(1, 'にゃーおうー'), (7, 'にゃおしゃしゃしゃ')]",False,False,7
130.314,130.647,-1,にゃーおうーにゃおしゃしゃしゃ,"[(1, 'にゃーお'), (7, 'うーにゃおしゃしゃしゃ')]",False,False,7
129.98,130.314,-1,にゃーおうーにゃおしゃしゃしゃ,"[(1, 'にゃー'), (7, 'おうーにゃおしゃしゃしゃ')]",False,True,7
139.89,140.19,0,にゃーおうーにゃおにゃにゃにゃ,"[(1, 'にゃーおうーにゃおにゃにゃにゃ')]",True,False,7
139.423,139.89,0,にゃーおうーにゃおにゃにゃにゃ,"[(1, 'にゃーおうーにゃおにゃにゃ'), (7, 'にゃ')]",False,False,7
139.156,139.423,0,にゃーおうーにゃおにゃにゃにゃ,"[(1, 'にゃーおうーにゃおにゃ'), (7, 'にゃにゃ')]",False,False,7
138.889,139.156,0,にゃーおうーにゃおにゃにゃにゃ,"[(1, 'にゃーおうーにゃお'), (7, 'にゃにゃにゃ')]",False,False,7
138.622,138.889,0,にゃーおうーにゃおにゃにゃにゃ,"[(1, 'にゃーおうーにゃ'), (7, 'おにゃにゃにゃ')]",False,False,7
138.322,138.622,0,にゃーおうーにゃおにゃにゃにゃ,"[(1, 'にゃーおうー'), (7, 'にゃおにゃにゃにゃ')]",False,False,7
137.988,138.322,0,にゃーおうーにゃおにゃにゃにゃ,"[(1, 'にゃーお'), (7, 'うーにゃおにゃにゃにゃ')]",False,False,7
137.654,137.988,0,にゃーおうーにゃおにゃにゃにゃ,"[(1, 'にゃー'), (7, 'おうーにゃおにゃにゃにゃ')]",False,False,7
139.89,140.19,-1,にゃーおうーにゃおにゃにゃにゃ,"[(1, 'にゃーおうーにゃおにゃにゃにゃ')]",False,False,7
139.423,139.89,-1,にゃーおうーにゃおにゃにゃにゃ,"[(1, 'にゃーおうーにゃおにゃにゃ'), (7, 'にゃ')]",False,False,7
139.156,139.423,-1,にゃーおうーにゃおにゃにゃにゃ,"[(1, 'にゃーおうーにゃおにゃ'), (7, 'にゃにゃ')]",False,False,7
138.889,139.156,-1,にゃーおうーにゃおにゃにゃにゃ,"[(1, 'にゃーおうーにゃお'), (7, 'にゃにゃにゃ')]",False,False,7
138.622,138.889,-1,にゃーおうーにゃおにゃにゃにゃ,"[(1, 'にゃーおうーにゃ'), (7, 'おにゃにゃにゃ')]",False,False,7
138.322,138.622,-1,にゃーおうーにゃおにゃにゃにゃ,"[(1, 'にゃーおうー'), (7, 'にゃおにゃにゃにゃ')]",False,False,7
137.988,138.322,-1,にゃーおうーにゃおにゃにゃにゃ,"[(1, 'にゃーお'), (7, 'うーにゃおにゃにゃにゃ')]",False,False,7
137.654,137.988,-1,にゃーおうーにゃおにゃにゃにゃ,"[(1, 'にゃー'), (7, 'おうーにゃおにゃにゃにゃ')]",False,True,7
125.709,126.043,0,ぬりかさねためいく,"[(3, 'ぬりかさねためいく')]",True,False,7
125.542,125.709,0,ぬりかさねためいく,"[(3, 'ぬりかさねためい'), (7, 'く')]",False,False,7
125.375,125.542,0,ぬりかさねためいく,"[(3, 'ぬりかさねため'), (7, 'いく')]",False,False,7
125.209,125.375,0,ぬりかさねためいく,"[(3, 'ぬりかさねた'), (7, 'めいく')]",False,False,7
125.008,125.209,0,ぬりかさねためいく,"[(3, 'ぬりかさね'), (7, 'ためいく')]",False,False,7
124.875,125.008,0,ぬりかさねためいく,"[(3, 'ぬりかさ'), (7, 'ねためいく')]",False,False,7
124.708,124.875,0,ぬりかさねためいく,"[(3, 'ぬりか'), (7, 'さねためいく')]",False,False,7
124.575,124.708,0,ぬりかさねためいく,"[(3, 'ぬり'), (7, 'かさねためいく')]",False,False,7
124.441,124.575,0,ぬりかさねためいく,"[(3, 'ぬ'), (7, 'りかさねためいく')]",False,False,7
110.394,110.694,0,ぬりかさねためいく,"[(1, 'ぬりかさねためいく')]",False,False,7
110.227,110.394,0,ぬりかさねためいく,"[(1, 'ぬりかさねためい'), (7, 'く')]",False,False,7
110.027,110.227,0,ぬりかさねためいく,"[(1, 'ぬりかさねため'), (7, 'いく')]",False,False,7
109.893,110.027,0,ぬりかさねためいく,"[(1, 'ぬりかさねた'), (7, 'めいく')]",False,False,7
109.726,109.893,0,ぬりかさねためいく,"[(1, 'ぬりかさね'), (7, 'ためいく')]",False,False,7
109.56,109.726,0,ぬりかさねためいく,"[(1, 'ぬりかさ'), (7, 'ねためいく')]",False,False,7
109.393,109.56,0,ぬりかさねためいく,"[(1, 'ぬりか'), (7, 'さねためいく')]",False,False,7
109.259,109.393,0,ぬりかさねためいく,"[(1, 'ぬり'), (7, 'かさねためいく')]",False,False,7
109.093,109.259,0,ぬりかさねためいく,"[(1, 'ぬ'), (7, 'りかさねためいく')]",False,True,7
33.617,33.784,0,ねえとまれないほどにくるいたい,"[(1, 'ねえ'), (4, 'とまれないほどにくるいたい')]",True,False,7
33.45,33.617,0,ねえとまれないほどにくるいたい,"[(1, 'ねえ'), (4, 'とまれないほどにくるいた'), (7, 'い')]",False,False,7
33.283,33.45,0,ねえとまれないほどにくるいたい,"[(1, 'ねえ'), (4, 'とまれないほどにくるい'), (7, 'たい')]",False,False,7
33.117,33.283,0,ねえとまれないほどにくるいたい,"[(1, 'ねえ'), (4, 'とまれないほどにくる'), (7, 'いたい')]",False,False,7
32.983,33.117,0,ねえとまれないほどにくるいたい,"[(1, 'ねえ'), (4, 'とまれないほどにく'), (7, 'るいたい')]",False,False,7
32.816,32.983,0,ねえとまれないほどにくるいたい,"[(1, 'ねえ'), (4, 'とまれないほどに'), (7, 'くるいたい')]",False,False,7
32.649,32.816,0,ねえとまれないほどにくるいたい,"[(1, 'ねえ'), (4, 'とまれないほど'), (7, 'にくるいたい')]",False,False,7
32.483,32.649,0,ねえとまれないほどにくるいたい,"[(1, 'ねえ'), (4, 'とまれないほ'), (7, 'どにくるいたい')]",False,False,7
32.349,32.483,0,ねえとまれないほどにくるいたい,"[(1, 'ねえ'), (4, 'とまれない'), (7, 'ほどにくるいたい')]",False,False,7
32.182,32.349,0,ねえとまれないほどにくるいたい,"[(1, 'ねえ'), (4, 'とまれな'), (7, 'いほどにくるいたい')]",False,False,7
32.016,32.182,0,ねえとまれないほどにくるいたい,"[(1, 'ねえ'), (4, 'とまれ'), (7, 'ないほどにくるいたい')]",False,False,7
31.849,32.016,0,ねえとまれないほどにくるいたい,"[(1, 'ねえ'), (4, 'とま'), (7, 'れないほどにくるいたい')]",False,False,7
31.715,31.849,0,ねえとまれないほどにくるいたい,"[(1, 'ねえ'), (4, 'と'), (7, 'まれないほどにくるいたい')]",False,False,7
31.548,31.715,0,ねえとまれないほどにくるいたい,"[(1, 'ねえ'), (7, 'とまれないほどにくるいたい')]",False,False,7
31.382,31.548,0,ねえとまれないほどにくるいたい,"[(1, 'ね'), (7, 'えとまれないほどにくるいたい')]",False,True,7
33.617,33.784,-1,ねえ止まれないほどに狂いたい,"[(1, 'ねえ'), (4, '止まれないほどに狂いたい')]",True,False,7
33.45,33.617,-1,ねえ止まれないほどに狂いたい,"[(1, 'ねえ'), (4, '止まれないほどに狂いた'), (7, 'い')]",False,False,7
33.283,33.45,-1,ねえ止まれないほどに狂いたい,"[(1, 'ねえ'), (4, '止まれないほどに狂い'), (7, 'たい')]",False,False,7
33.117,33.283,-1,ねえ止まれないほどに狂いたい,"[(1, 'ねえ'), (4, '止まれないほどに狂'), (7, 'いたい')]",False,False,7
32.983,33.117,-1,ねえ止まれないほどに狂いたい,"[(1, 'ねえ'), (4, '止まれないほどに狂'), (7, 'いたい')]",False,False,7
32.816,32.983,-1,ねえ止まれないほどに狂いたい,"[(1, 'ねえ'), (4, '止まれないほどに'), (7, '狂いたい')]",False,False,7
32.649,32.816,-1,ねえ止まれないほどに狂いたい,"[(1, 'ねえ'), (4, '止まれないほど'), (7, 'に狂いたい')]",False,False,7
32.483,32.649,-1,ねえ止まれないほどに狂いたい,"[(1, 'ねえ'), (4, '止まれないほ'), (7, 'どに狂いたい')]",False,False,7
32.349,32.483,-1,ねえ止まれないほどに狂いたい,"[(1, 'ねえ'), (4, '止まれない'), (7, 'ほどに狂いたい')]",False,False,7
32.182,32.349,-1,ねえ止まれないほどに狂いたい,"[(1, 'ねえ'), (4, '止まれな'), (7, 'いほどに狂いたい')]",False,False,7
32.016,32.182,-1,ねえ止まれないほどに狂いたい,"[(1, 'ねえ'), (4, '止まれ'), (7, 'ないほどに狂いたい')]",False,False,7
31.849,32.016,-1,ねえ止まれないほどに狂いたい,"[(1, 'ねえ'), (4, '止ま'), (7, 'れないほどに狂いたい')]",False,False,7
31.715,31.849,-1,ねえ止まれないほどに狂いたい,"[(1, 'ねえ'), (4, '止'), (7, 'まれないほどに狂いたい')]",False,False,7
31.548,31.715,-1,ねえ止まれないほどに狂いたい,"[(1, 'ねえ'), (7, '止まれないほどに狂いたい')]",False,False,7
31.382,31.548,-1,ねえ止まれないほどに狂いたい,"[(1, 'ね'), (7, 'え止まれないほどに狂いたい')]",False,True,7
119.169,119.636,0,のどならしていっちゃうまで,"[(1, 'のどならしていっちゃうまで')]",True,False,7
119.002,119.169,0,のどならしていっちゃうまで,"[(1, 'のどならしていっちゃうま'), (7, 'で')]",False,False,7
118.836,119.002,0,のどならしていっちゃうまで,"[(1, 'のどならしていっちゃう'), (7, 'まで')]",False,False,7
118.702,118.836,0,のどならしていっちゃうまで,"[(1, 'のどならしていっちゃ'), (7, 'うまで')]",False,False,7
118.502,118.702,0,のどならしていっちゃうまで,"[(1, 'のどならしていっ'), (7, 'ちゃうまで')]",False,False,7
118.368,118.502,0,のどならしていっちゃうまで,"[(1, 'のどならしてい'), (7, 'っちゃうまで')]",False,False,7
118.202,118.368,0,のどならしていっちゃうまで,"[(1, 'のどならして'), (7, 'いっちゃうまで')]",False,False,7
118.035,118.202,0,のどならしていっちゃうまで,"[(1, 'のどならし'), (7, 'ていっちゃうまで')]",False,False,7
117.868,118.035,0,のどならしていっちゃうまで,"[(1, 'のどなら'), (7, 'していっちゃうまで')]",False,False,7
117.734,117.868,0,のどならしていっちゃうまで,"[(1, 'のどな'), (7, 'らしていっちゃうまで')]",False,False,7
117.568,117.734,0,のどならしていっちゃうまで,"[(1, 'のど'), (7, 'ならしていっちゃうまで')]",False,False,7
117.401,117.568,0,のどならしていっちゃうまで,"[(1, 'の'), (7, 'どならしていっちゃうまで')]",False,False,7
108.959,109.093,0,のどならしていっちゃうまで,"[(4, 'のどならしていっちゃうまで')]",False,False,7
108.792,108.959,0,のどならしていっちゃうまで,"[(4, 'のどならしていっちゃうま'), (7, 'で')]",False,False,7
108.625,108.792,0,のどならしていっちゃうまで,"[(4, 'のどならしていっちゃう'), (7, 'まで')]",False,False,7
108.459,108.625,0,のどならしていっちゃうまで,"[(4, 'のどならしていっちゃ'), (7, 'うまで')]",False,False,7
108.292,108.459,0,のどならしていっちゃうまで,"[(4, 'のどならしていっ'), (7, 'ちゃうまで')]",False,False,7
108.125,108.292,0,のどならしていっちゃうまで,"[(4, 'のどならしてい'), (7, 'っちゃうまで')]",False,False,7
107.991,108.125,0,のどならしていっちゃうまで,"[(4, 'のどならして'), (7, 'いっちゃうまで')]",False,False,7
107.825,107.991,0,のどならしていっちゃうまで,"[(4, 'のどならし'), (7, 'ていっちゃうまで')]",False,False,7
107.658,107.825,0,のどならしていっちゃうまで,"[(4, 'のどなら'), (7, 'していっちゃうまで')]",False,False,7
107.524,107.658,0,のどならしていっちゃうまで,"[(4, 'のどな'), (7, 'らしていっちゃうまで')]",False,False,7
107.391,107.524,0,のどならしていっちゃうまで,"[(4, 'のど'), (7, 'ならしていっちゃうまで')]",False,False,7
107.257,107.391,0,のどならしていっちゃうまで,"[(4, 'の'), (7, 'どならしていっちゃうまで')]",False,False,7
51.502,51.969,0,のどならしていっちゃうまで,"[(3, 'のどならしていっちゃうまで')]",False,False,7
51.335,51.502,0,のどならしていっちゃうまで,"[(3, 'のどならしていっちゃうま'), (7, 'で')]",False,False,7
51.168,51.335,0,のどならしていっちゃうまで,"[(3, 'のどならしていっちゃう'), (7, 'まで')]",False,False,7
51.001,51.168,0,のどならしていっちゃうまで,"[(3, 'のどならしていっちゃ'), (7, 'うまで')]",False,False,7
50.834,51.001,0,のどならしていっちゃうまで,"[(3, 'のどならしていっ'), (7, 'ちゃうまで')]",False,False,7
50.701,50.834,0,のどならしていっちゃうまで,"[(3, 'のどならしてい'), (7, 'っちゃうまで')]",False,False,7
50.534,50.701,0,のどならしていっちゃうまで,"[(3, 'のどならして'), (7, 'いっちゃうまで')]",False,False,7
50.367,50.534,0,のどならしていっちゃうまで,"[(3, 'のどならし'), (7, 'ていっちゃうまで')]",False,False,7
50.2,50.367,0,のどならしていっちゃうまで,"[(3, 'のどなら'), (7, 'していっちゃうまで')]",False,False,7
50.034,50.2,0,のどならしていっちゃうまで,"[(3, 'のどな'), (7, 'らしていっちゃうまで')]",False,False,7
49.9,50.034,0,のどならしていっちゃうまで,"[(3, 'のど'), (7, 'ならしていっちゃうまで')]",False,False,7
49.733,49.9,0,のどならしていっちゃうまで,"[(3, 'の'), (7, 'どならしていっちゃうまで')]",False,False,7
10.627,11.295,0,のどならしていっちゃうまで,"[(3, 'のどならして'), (1, 'いっちゃうまで')]",False,False,7
10.494,10.627,0,のどならしていっちゃうまで,"[(3, 'のどならして'), (1, 'いっちゃうま'), (7, 'で')]",False,False,7
10.327,10.494,0,のどならしていっちゃうまで,"[(3, 'のどならして'), (1, 'いっちゃう'), (7, 'まで')]",False,False,7
10.16,10.327,0,のどならしていっちゃうまで,"[(3, 'のどならして'), (1, 'いっちゃ'), (7, 'うまで')]",False,False,7
9.994,10.16,0,のどならしていっちゃうまで,"[(3, 'のどならして'), (1, 'いっ'), (7, 'ちゃうまで')]",False,False,7
9.827,9.994,0,のどならしていっちゃうまで,"[(3, 'のどならして'), (1, 'い'), (7, 'っちゃうまで')]",False,False,7
9.693,9.827,0,のどならしていっちゃうまで,"[(3, 'のどならして'), (7, 'いっちゃうまで')]",False,False,7
9.526,9.693,0,のどならしていっちゃうまで,"[(3, 'のどならし'), (7, 'ていっちゃうまで')]",False,False,7
9.36,9.526,0,のどならしていっちゃうまで,"[(3, 'のどなら'), (7, 'していっちゃうまで')]",False,False,7
9.193,9.36,0,のどならしていっちゃうまで,"[(3, 'のどな'), (7, 'らしていっちゃうまで')]",False,False,7
9.059,9.193,0,のどならしていっちゃうまで,"[(3, 'のど'), (7, 'ならしていっちゃうまで')]",False,False,7
8.892,9.059,0,のどならしていっちゃうまで,"[(3, 'の'), (7, 'どならしていっちゃうまで')]",False,True,7
100.184,100.517,0,はがれおちためいく,"[(3, 'はがれおちためいく')]",True,False,7
99.983,100.184,0,はがれおちためいく,"[(3, 'はがれおちためい'), (7, 'く')]",False,False,7
99.85,99.983,0,はがれおちためいく,"[(3, 'はがれおちため'), (7, 'いく')]",False,False,7
99.683,99.85,0,はがれおちためいく,"[(3, 'はがれおちた'), (7, 'めいく')]",False,False,7
99.55,99.683,0,はがれおちためいく,"[(3, 'はがれおち'), (7, 'ためいく')]",False,False,7
99.349,99.55,0,はがれおちためいく,"[(3, 'はがれお'), (7, 'ちためいく')]",False,False,7
99.216,99.349,0,はがれおちためいく,"[(3, 'はがれ'), (7, 'おちためいく')]",False,False,7
99.083,99.216,0,はがれおちためいく,"[(3, 'はが'), (7, 'れおちためいく')]",False,False,7
98.882,99.083,0,はがれおちためいく,"[(3, 'は'), (7, 'がれおちためいく')]",False,False,7
58.042,58.375,0,はがれおちためいく,"[(1, 'はがれおちためいく')]",False,False,7
57.875,58.042,0,はがれおちためいく,"[(1, 'はがれおちためい'), (7, 'く')]",False,False,7
57.708,57.875,0,はがれおちためいく,"[(1, 'はがれおちため'), (7, 'いく')]",False,False,7
57.541,57.708,0,はがれおちためいく,"[(1, 'はがれおちた'), (7, 'めいく')]",False,False,7
57.374,57.541,0,はがれおちためいく,"[(1, 'はがれおち'), (7, 'ためいく')]",False,False,7
57.241,57.374,0,はがれおちためいく,"[(1, 'はがれお'), (7, 'ちためいく')]",False,False,7
57.074,57.241,0,はがれおちためいく,"[(1, 'はがれ'), (7, 'おちためいく')]",False,False,7
56.94,57.074,0,はがれおちためいく,"[(1, 'はが'), (7, 'れおちためいく')]",False,False,7
56.774,56.94,0,はがれおちためいく,"[(1, 'は'), (7, 'がれおちためいく')]",False,False,7
42.76,43.06,0,はがれおちためいく,"[(1, 'はがれおちためいく')]",False,False,7
42.559,42.76,0,はがれおちためいく,"[(1, 'はがれおちためい'), (7, 'く')]",False,False,7
42.393,42.559,0,はがれおちためいく,"[(1, 'はがれおちため'), (7, 'いく')]",False,False,7
42.259,42.393,0,はがれおちためいく,"[(1, 'はがれおちた'), (7, 'めいく')]",False,False,7
42.092,42.259,0,はがれおちためいく,"[(1, 'はがれおち'), (7, 'ためいく')]",False,False,7
41.925,42.092,0,はがれおちためいく,"[(1, 'はがれお'), (7, 'ちためいく')]",False,False,7
41.759,41.925,0,はがれおちためいく,"[(1, 'はがれ'), (7, 'おちためいく')]",False,False,7
41.625,41.759,0,はがれおちためいく,"[(1, 'はが'), (7, 'れおちためいく')]",False,False,7
41.458,41.625,0,はがれおちためいく,"[(1, 'は'), (7, 'がれおちためいく')]",False,False,7
1.885,2.219,0,はがれおちためいく,"[(4, 'はがれおちためいく')]",False,False,7
1.719,1.885,0,はがれおちためいく,"[(4, 'はがれおちためい'), (7, 'く')]",False,False,7
1.552,1.719,0,はがれおちためいく,"[(4, 'はがれおちため'), (7, 'いく')]",False,False,7
1.385,1.552,0,はがれおちためいく,"[(4, 'はがれおちた'), (7, 'めいく')]",False,False,7
1.251,1.385,0,はがれおちためいく,"[(4, 'はがれおち'), (7, 'ためいく')]",False,False,7
1.085,1.251,0,はがれおちためいく,"[(4, 'はがれお'), (7, 'ちためいく')]",False,False,7
0.918,1.085,0,はがれおちためいく,"[(4, 'はがれ'), (7, 'おちためいく')]",False,False,7
0.751,0.918,0,はがれおちためいく,"[(4, 'はが'), (7, 'れおちためいく')]",False,False,7
0.584,0.751,0,はがれおちためいく,"[(4, 'は'), (7, 'がれおちためいく')]",False,True,7
27.544,27.745,0,はまってみよっか,"[(3, 'はまってみよっか')]",True,False,7
27.378,27.544,0,はまってみよっか,"[(3, 'はまってみよっ'), (7, 'か')]",False,False,7
27.244,27.378,0,はまってみよっか,"[(3, 'はまってみよ'), (7, 'っか')]",False,False,7
27.044,27.244,0,はまってみよっか,"[(3, 'はまってみ'), (7, 'よっか')]",False,False,7
26.91,27.044,0,はまってみよっか,"[(3, 'はまって'), (7, 'みよっか')]",False,False,7
26.777,26.91,0,はまってみよっか,"[(3, 'はまっ'), (7, 'てみよっか')]",False,False,7
26.643,26.777,0,はまってみよっか,"[(3, 'はま'), (7, 'ってみよっか')]",False,False,7
26.477,26.643,0,はまってみよっか,"[(3, 'は'), (7, 'まってみよっか')]",False,True,7
77.561,77.661,0,は？いやいやいやいや！,"[(1, 'は？いやいやいやいや！')]",True,False,7
77.428,77.561,0,は？いやいやいやいや！,"[(1, 'は？いやいやいや'), (7, 'いや！')]",False,False,7
77.261,77.428,0,は？いやいやいやいや！,"[(1, 'は？いやいや'), (7, 'いやいや！')]",False,False,7
77.127,77.261,0,は？いやいやいやいや！,"[(1, 'は？いや'), (7, 'いやいやいや！')]",False,False,7
76.226,77.127,0,は？いやいやいやいや！,"[(1, 'は？'), (7, 'いやいやいやいや！')]",False,False,7
77.561,77.661,-1,は？いやいやいやいや！,"[(1, 'は？いやいやいやいや！')]",False,False,7
77.428,77.561,-1,は？いやいやいやいや！,"[(1, 'は？いやいやいや'), (7, 'いや！')]",False,False,7
77.261,77.428,-1,は？いやいやいやいや！,"[(1, 'は？いやいや'), (7, 'いやいや！')]",False,False,7
77.127,77.261,-1,は？いやいやいやいや！,"[(1, 'は？いや'), (7, 'いやいやいや！')]",False,False,7
76.226,77.127,-1,は？いやいやいやいや！,"[(1, 'は？'), (7, 'いやいやいやいや！')]",False,True,7
127.311,127.611,0,ばっちりなあにまる,"[(3, 'ばっちりなあにまる')]",True,False,7
127.144,127.311,0,ばっちりなあにまる,"[(3, 'ばっちりなあにま'), (7, 'る')]",False,False,7
126.977,127.144,0,ばっちりなあにまる,"[(3, 'ばっちりなあに'), (7, 'まる')]",False,False,7
126.81,126.977,0,ばっちりなあにまる,"[(3, 'ばっちりなあ'), (7, 'にまる')]",False,False,7
126.677,126.81,0,ばっちりなあにまる,"[(3, 'ばっちりな'), (7, 'あにまる')]",False,False,7
126.51,126.677,0,ばっちりなあにまる,"[(3, 'ばっちり'), (7, 'なあにまる')]",False,False,7
126.376,126.51,0,ばっちりなあにまる,"[(3, 'ばっち'), (7, 'りなあにまる')]",False,False,7
126.21,126.376,0,ばっちりなあにまる,"[(3, 'ばっ'), (7, 'ちりなあにまる')]",False,False,7
126.043,126.21,0,ばっちりなあにまる,"[(3, 'ば'), (7, 'っちりなあにまる')]",False,False,7
111.995,112.296,0,ばっちりなあにまる,"[(1, 'ばっちりなあにまる')]",False,False,7
111.795,111.995,0,ばっちりなあにまる,"[(1, 'ばっちりなあにま'), (7, 'る')]",False,False,7
111.662,111.795,0,ばっちりなあにまる,"[(1, 'ばっちりなあに'), (7, 'まる')]",False,False,7
111.495,111.662,0,ばっちりなあにまる,"[(1, 'ばっちりなあ'), (7, 'にまる')]",False,False,7
111.328,111.495,0,ばっちりなあにまる,"[(1, 'ばっちりな'), (7, 'あにまる')]",False,False,7
111.161,111.328,0,ばっちりなあにまる,"[(1, 'ばっちり'), (7, 'なあにまる')]",False,False,7
111.028,111.161,0,ばっちりなあにまる,"[(1, 'ばっち'), (7, 'りなあにまる')]",False,False,7
110.861,111.028,0,ばっちりなあにまる,"[(1, 'ばっ'), (7, 'ちりなあにまる')]",False,False,7
110.694,110.861,0,ばっちりなあにまる,"[(1, 'ば'), (7, 'っちりなあにまる')]",False,True,7
127.311,127.611,-1,ばっちりなアニマル,"[(3, 'ばっちりなアニマル')]",True,False,7
127.144,127.311,-1,ばっちりなアニマル,"[(3, 'ばっちりなアニマ'), (7, 'ル')]",False,False,7
126.977,127.144,-1,ばっちりなアニマル,"[(3, 'ばっちりなアニ'), (7, 'マル')]",False,False,7
126.81,126.977,-1,ばっちりなアニマル,"[(3, 'ばっちりなア'), (7, 'ニマル')]",False,False,7
126.677,126.81,-1,ばっちりなアニマル,"[(3, 'ばっちりな'), (7, 'アニマル')]",False,False,7
126.51,126.677,-1,ばっちりなアニマル,"[(3, 'ばっちり'), (7, 'なアニマル')]",False,False,7
126.376,126.51,-1,ばっちりなアニマル,"[(3, 'ばっち'), (7, 'りなアニマル')]",False,False,7
126.21,126.376,-1,ばっちりなアニマル,"[(3, 'ばっ'), (7, 'ちりなアニマル')]",False,False,7
126.043,126.21,-1,ばっちりなアニマル,"[(3, 'ば'), (7, 'っちりなアニマル')]",False,False,7
111.995,112.296,-1,ばっちりなアニマル,"[(1, 'ばっちりなアニマル')]",False,False,7
111.795,111.995,-1,ばっちりなアニマル,"[(1, 'ばっちりなアニマ'), (7, 'ル')]",False,False,7
111.662,111.795,-1,ばっちりなアニマル,"[(1, 'ばっちりなアニ'), (7, 'マル')]",False,False,7
111.495,111.662,-1,ばっちりなアニマル,"[(1, 'ばっちりなア'), (7, 'ニマル')]",False,False,7
111.328,111.495,-1,ばっちりなアニマル,"[(1, 'ばっちりな'), (7, 'アニマル')]",False,False,7
111.161,111.328,-1,ばっちりなアニマル,"[(1, 'ばっちり'), (7, 'なアニマル')]",False,False,7
111.028,111.161,-1,ばっちりなアニマル,"[(1, 'ばっち'), (7, 'りなアニマル')]",False,False,7
110.861,111.028,-1,ばっちりなアニマル,"[(1, 'ばっ'), (7, 'ちりなアニマル')]",False,False,7
110.694,110.861,-1,ばっちりなアニマル,"[(1, 'ば'), (7, 'っちりなアニマル')]",False,True,7
103.821,103.987,0,みにくてもやっちゃうのよ,"[(3, 'みにくてもやっちゃうのよ')]",True,False,7
103.654,103.821,0,みにくてもやっちゃうのよ,"[(3, 'みにくてもやっちゃうの'), (7, 'よ')]",False,False,7
103.487,103.654,0,みにくてもやっちゃうのよ,"[(3, 'みにくてもやっちゃう'), (7, 'のよ')]",False,False,7
103.353,103.487,0,みにくてもやっちゃうのよ,"[(3, 'みにくてもやっちゃ'), (7, 'うのよ')]",False,False,7
103.22,103.353,0,みにくてもやっちゃうのよ,"[(3, 'みにくてもやっ'), (7, 'ちゃうのよ')]",False,False,7
103.053,103.22,0,みにくてもやっちゃうのよ,"[(3, 'みにくてもや'), (7, 'っちゃうのよ')]",False,False,7
102.886,103.053,0,みにくてもやっちゃうのよ,"[(3, 'みにくても'), (7, 'やっちゃうのよ')]",False,False,7
102.719,102.886,0,みにくてもやっちゃうのよ,"[(3, 'みにくて'), (7, 'もやっちゃうのよ')]",False,False,7
102.586,102.719,0,みにくてもやっちゃうのよ,"[(3, 'みにく'), (7, 'てもやっちゃうのよ')]",False,False,7
102.419,102.586,0,みにくてもやっちゃうのよ,"[(3, 'みに'), (7, 'くてもやっちゃうのよ')]",False,False,7
102.086,102.419,0,みにくてもやっちゃうのよ,"[(3, 'み'), (7, 'にくてもやっちゃうのよ')]",False,False,7
61.678,62.346,0,みにくてもやっちゃうのよ,"[(1, 'みにくてもやっちゃうのよ')]",False,False,7
61.512,61.678,0,みにくてもやっちゃうのよ,"[(1, 'みにくてもやっちゃうの'), (7, 'よ')]",False,False,7
61.345,61.512,0,みにくてもやっちゃうのよ,"[(1, 'みにくてもやっちゃう'), (7, 'のよ')]",False,False,7
61.211,61.345,0,みにくてもやっちゃうのよ,"[(1, 'みにくてもやっちゃ'), (7, 'うのよ')]",False,False,7
61.045,61.211,0,みにくてもやっちゃうのよ,"[(1, 'みにくてもやっ'), (7, 'ちゃうのよ')]",False,False,7
60.878,61.045,0,みにくてもやっちゃうのよ,"[(1, 'みにくてもや'), (7, 'っちゃうのよ')]",False,False,7
60.744,60.878,0,みにくてもやっちゃうのよ,"[(1, 'みにくても'), (7, 'やっちゃうのよ')]",False,False,7
60.577,60.744,0,みにくてもやっちゃうのよ,"[(1, 'みにくて'), (7, 'もやっちゃうのよ')]",False,False,7
60.411,60.577,0,みにくてもやっちゃうのよ,"[(1, 'みにく'), (7, 'てもやっちゃうのよ')]",False,False,7
60.244,60.411,0,みにくてもやっちゃうのよ,"[(1, 'みに'), (7, 'くてもやっちゃうのよ')]",False,False,7
59.91,60.244,0,みにくてもやっちゃうのよ,"[(1, 'み'), (7, 'にくてもやっちゃうのよ')]",False,False,7
46.363,46.563,0,みにくてもやっちゃうのよ,"[(1, 'みにくてもやっちゃうのよ')]",False,False,7
46.23,46.363,0,みにくてもやっちゃうのよ,"[(1, 'みにくてもやっちゃうの'), (7, 'よ')]",False,False,7
46.063,46.23,0,みにくてもやっちゃうのよ,"[(1, 'みにくてもやっちゃう'), (7, 'のよ')]",False,False,7
45.896,46.063,0,みにくてもやっちゃうのよ,"[(1, 'みにくてもやっちゃ'), (7, 'うのよ')]",False,False,7
45.729,45.896,0,みにくてもやっちゃうのよ,"[(1, 'みにくてもやっ'), (7, 'ちゃうのよ')]",False,False,7
45.596,45.729,0,みにくてもやっちゃうのよ,"[(1, 'みにくてもや'), (7, 'っちゃうのよ')]",False,False,7
45.396,45.596,0,みにくてもやっちゃうのよ,"[(1, 'みにくても'), (7, 'やっちゃうのよ')]",False,False,7
45.262,45.396,0,みにくてもやっちゃうのよ,"[(1, 'みにくて'), (7, 'もやっちゃうのよ')]",False,False,7
45.095,45.262,0,みにくてもやっちゃうのよ,"[(1, 'みにく'), (7, 'てもやっちゃうのよ')]",False,False,7
44.928,45.095,0,みにくてもやっちゃうのよ,"[(1, 'みに'), (7, 'くてもやっちゃうのよ')]",False,False,7
44.628,44.928,0,みにくてもやっちゃうのよ,"[(1, 'み'), (7, 'にくてもやっちゃうのよ')]",False,False,7
5.522,5.689,0,みにくてもやっちゃうのよ,"[(4, 'みにくてもやっちゃうのよ')]",False,False,7
5.389,5.522,0,みにくてもやっちゃうのよ,"[(4, 'みにくてもやっちゃうの'), (7, 'よ')]",False,False,7
5.222,5.389,0,みにくてもやっちゃうのよ,"[(4, 'みにくてもやっちゃう'), (7, 'のよ')]",False,False,7
5.055,5.222,0,みにくてもやっちゃうのよ,"[(4, 'みにくてもやっちゃ'), (7, 'うのよ')]",False,False,7
4.888,5.055,0,みにくてもやっちゃうのよ,"[(4, 'みにくてもやっ'), (7, 'ちゃうのよ')]",False,False,7
4.722,4.888,0,みにくてもやっちゃうのよ,"[(4, 'みにくてもや'), (7, 'っちゃうのよ')]",False,False,7
4.555,4.722,0,みにくてもやっちゃうのよ,"[(4, 'みにくても'), (7, 'やっちゃうのよ')]",False,False,7
4.421,4.555,0,みにくてもやっちゃうのよ,"[(4, 'みにくて'), (7, 'もやっちゃうのよ')]",False,False,7
4.254,4.421,0,みにくてもやっちゃうのよ,"[(4, 'みにく'), (7, 'てもやっちゃうのよ')]",False,False,7
4.054,4.254,0,みにくてもやっちゃうのよ,"[(4, 'みに'), (7, 'くてもやっちゃうのよ')]",False,False,7
3.787,4.054,0,みにくてもやっちゃうのよ,"[(4, 'み'), (7, 'にくてもやっちゃうのよ')]",False,True,7
73.19,73.524,0,めぐっちゃってよ,"[(3, 'めぐっちゃってよ')]",True,False,7
73.023,73.19,0,めぐっちゃってよ,"[(3, 'めぐっちゃって'), (7, 'よ')]",False,False,7
72.89,73.023,0,めぐっちゃってよ,"[(3, 'めぐっちゃっ'), (7, 'てよ')]",False,False,7
72.723,72.89,0,めぐっちゃってよ,"[(3, 'めぐっちゃ'), (7, 'ってよ')]",False,False,7
72.556,72.723,0,めぐっちゃってよ,"[(3, 'めぐっ'), (7, 'ちゃってよ')]",False,False,7
72.389,72.556,0,めぐっちゃってよ,"[(3, 'めぐ'), (7, 'っちゃってよ')]",False,False,7
72.222,72.389,0,めぐっちゃってよ,"[(3, 'め'), (7, 'ぐっちゃってよ')]",False,False,7
68.118,68.419,0,めぐっちゃってよ,"[(4, 'めぐっちゃってよ')]",False,False,7
67.885,68.118,0,めぐっちゃってよ,"[(4, 'めぐっちゃって'), (7, 'よ')]",False,False,7
67.785,67.885,0,めぐっちゃってよ,"[(4, 'めぐっちゃっ'), (7, 'てよ')]",False,False,7
67.618,67.785,0,めぐっちゃってよ,"[(4, 'めぐっちゃ'), (7, 'ってよ')]",False,False,7
67.451,67.618,0,めぐっちゃってよ,"[(4, 'めぐっ'), (7, 'ちゃってよ')]",False,False,7
67.284,67.451,0,めぐっちゃってよ,"[(4, 'めぐ'), (7, 'っちゃってよ')]",False,False,7
67.117,67.284,0,めぐっちゃってよ,"[(4, 'め'), (7, 'ぐっちゃってよ')]",False,True,7
129.379,129.98,0,めをひらいてまってるのよ,"[(3, 'めをひらいてまってるのよ')]",True,False,7
129.213,129.379,0,めをひらいてまってるのよ,"[(3, 'めをひらいてまってるの'), (7, 'よ')]",False,False,7
129.046,129.213,0,めをひらいてまってるのよ,"[(3, 'めをひらいてまってる'), (7, 'のよ')]",False,False,7
128.879,129.046,0,めをひらいてまってるのよ,"[(3, 'めをひらいてまって'), (7, 'るのよ')]",False,False,7
128.745,128.879,0,めをひらいてまってるのよ,"[(3, 'めをひらいてまっ'), (7, 'てるのよ')]",False,False,7
128.579,128.745,0,めをひらいてまってるのよ,"[(3, 'めをひらいてま'), (7, 'ってるのよ')]",False,False,7
128.412,128.579,0,めをひらいてまってるのよ,"[(3, 'めをひらいて'), (7, 'まってるのよ')]",False,False,7
128.245,128.412,0,めをひらいてまってるのよ,"[(3, 'めをひらい'), (7, 'てまってるのよ')]",False,False,7
128.078,128.245,0,めをひらいてまってるのよ,"[(3, 'めをひら'), (7, 'いてまってるのよ')]",False,False,7
127.945,128.078,0,めをひらいてまってるのよ,"[(3, 'めをひ'), (7, 'らいてまってるのよ')]",False,False,7
127.778,127.945,0,めをひらいてまってるのよ,"[(3, 'めを'), (7, 'ひらいてまってるのよ')]",False,False,7
127.611,127.778,0,めをひらいてまってるのよ,"[(3, 'め'), (7, 'をひらいてまってるのよ')]",False,False,7
114.031,114.164,0,めをひらいてまってるのよ,"[(1, 'めをひらいてまってるのよ')]",False,False,7
113.897,114.031,0,めをひらいてまってるのよ,"[(1, 'めをひらいてまってるの'), (7, 'よ')]",False,False,7
113.764,113.897,0,めをひらいてまってるのよ,"[(1, 'めをひらいてまってる'), (7, 'のよ')]",False,False,7
113.564,113.764,0,めをひらいてまってるのよ,"[(1, 'めをひらいてまって'), (7, 'るのよ')]",False,False,7
113.43,113.564,0,めをひらいてまってるのよ,"[(1, 'めをひらいてまっ'), (7, 'てるのよ')]",False,False,7
113.263,113.43,0,めをひらいてまってるのよ,"[(1, 'めをひらいてま'), (7, 'ってるのよ')]",False,False,7
113.13,113.263,0,めをひらいてまってるのよ,"[(1, 'めをひらいて'), (7, 'まってるのよ')]",False,False,7
112.93,113.13,0,めをひらいてまってるのよ,"[(1, 'めをひらい'), (7, 'てまってるのよ')]",False,False,7
112.796,112.93,0,めをひらいてまってるのよ,"[(1, 'めをひら'), (7, 'いてまってるのよ')]",False,False,7
112.629,112.796,0,めをひらいてまってるのよ,"[(1, 'めをひ'), (7, 'らいてまってるのよ')]",False,False,7
112.463,112.629,0,めをひらいてまってるのよ,"[(1, 'めを'), (7, 'ひらいてまってるのよ')]",False,False,7
112.296,112.463,0,めをひらいてまってるのよ,"[(1, 'め'), (7, 'をひらいてまってるのよ')]",False,True,7
74.291,76.226,0,んあっはっは,"[(3, 'んあっはっは')]",True,False,7
73.991,74.291,0,んあっはっは,"[(3, 'んあっはっ'), (7, 'は')]",False,False,7
73.69,73.991,0,んあっはっは,"[(3, 'んあっ'), (7, 'はっは')]",False,False,7
73.524,73.69,0,んあっはっは,"[(3, 'ん'), (7, 'あっはっは')]",False,False,7
69.219,69.72,0,んあっはっは,"[(4, 'んあっはっは')]",False,False,7
68.886,69.219,0,んあっはっは,"[(4, 'んあっはっ'), (7, 'は')]",False,False,7
68.585,68.886,0,んあっはっは,"[(4, 'んあっ'), (7, 'はっは')]",False,False,7
68.419,68.585,0,んあっはっは,"[(4, 'ん'), (7, 'あっはっは')]",False,True,7
70.621,70.954,-1,アがっちゃってよ,"[(3, 'アがっちゃってよ')]",True,False,7
70.487,70.621,-1,アがっちゃってよ,"[(3, 'アがっちゃって'), (7, 'よ')]",False,False,7
70.32,70.487,-1,アがっちゃってよ,"[(3, 'アがっちゃっ'), (7, 'てよ')]",False,False,7
70.187,70.32,-1,アがっちゃってよ,"[(3, 'アがっちゃ'), (7, 'ってよ')]",False,False,7
70.02,70.187,-1,アがっちゃってよ,"[(3, 'アがっ'), (7, 'ちゃってよ')]",False,False,7
69.887,70.02,-1,アがっちゃってよ,"[(3, 'アが'), (7, 'っちゃってよ')]",False,False,7
69.72,69.887,-1,アがっちゃってよ,"[(3, 'ア'), (7, 'がっちゃってよ')]",False,False,7
65.582,65.849,-1,アがっちゃってよ,"[(4, 'アがっちゃってよ')]",False,False,7
65.382,65.582,-1,アがっちゃってよ,"[(4, 'アがっちゃって'), (7, 'よ')]",False,False,7
65.215,65.382,-1,アがっちゃってよ,"[(4, 'アがっちゃっ'), (7, 'てよ')]",False,False,7
65.049,65.215,-1,アがっちゃってよ,"[(4, 'アがっちゃ'), (7, 'ってよ')]",False,False,7
64.882,65.049,-1,アがっちゃってよ,"[(4, 'アがっ'), (7, 'ちゃってよ')]",False,False,7
64.748,64.882,-1,アがっちゃってよ,"[(4, 'アが'), (7, 'っちゃってよ')]",False,False,7
64.581,64.748,-1,アがっちゃってよ,"[(4, 'ア'), (7, 'がっちゃってよ')]",False,True,7
11.295,21.338,0,アニマル/deco*27,"[(5, 'アニマル/deco*27')]",True,True,0
16.4,18.936,-1,イラスト：つね映像：ねびる,"[(6, 'イラスト：つね'), (6, '映像：ねびる')]",True,True,0
71.889,72.222,-1,クるっちゃってよ,"[(3, 'クるっちゃってよ')]",True,False,7
71.755,71.889,-1,クるっちゃってよ,"[(3, 'クるっちゃって'), (7, 'よ')]",False,False,7
71.588,71.755,-1,クるっちゃってよ,"[(3, 'クるっちゃっ'), (7, 'てよ')]",False,False,7
71.422,71.588,-1,クるっちゃってよ,"[(3, 'クるっちゃ'), (7, 'ってよ')]",False,False,7
71.255,71.422,-1,クるっちゃってよ,"[(3, 'クるっ'), (7, 'ちゃってよ')]",False,False,7
71.121,71.255,-1,クるっちゃってよ,"[(3, 'クる'), (7, 'っちゃってよ')]",False,False,7
70.954,71.121,-1,クるっちゃってよ,"[(3, 'ク'), (7, 'るっちゃってよ')]",False,False,7
66.784,67.117,-1,クるっちゃってよ,"[(4, 'クるっちゃってよ')]",False,False,7
66.65,66.784,-1,クるっちゃってよ,"[(4, 'クるっちゃって'), (7, 'よ')]",False,False,7
66.483,66.65,-1,クるっちゃってよ,"[(4, 'クるっちゃっ'), (7, 'てよ')]",False,False,7
66.316,66.483,-1,クるっちゃってよ,"[(4, 'クるっちゃ'), (7, 'ってよ')]",False,False,7
66.15,66.316,-1,クるっちゃってよ,"[(4, 'クるっ'), (7, 'ちゃってよ')]",False,False,7
66.016,66.15,-1,クるっちゃってよ,"[(4, 'クる'), (7, 'っちゃってよ')]",False,False,7
65.849,66.016,-1,クるっちゃってよ,"[(4, 'ク'), (7, 'るっちゃってよ')]",False,True,7
27.544,27.745,-1,ハマってみよっか,"[(3, 'ハマってみよっか')]",True,False,7
27.378,27.544,-1,ハマってみよっか,"[(3, 'ハマってみよっ'), (7, 'か')]",False,False,7
27.244,27.378,-1,ハマってみよっか,"[(3, 'ハマってみよ'), (7, 'っか')]",False,False,7
27.044,27.244,-1,ハマってみよっか,"[(3, 'ハマってみ'), (7, 'よっか')]",False,False,7
26.91,27.044,-1,ハマってみよっか,"[(3, 'ハマって'), (7, 'みよっか')]",False,False,7
26.777,26.91,-1,ハマってみよっか,"[(3, 'ハマっ'), (7, 'てみよっか')]",False,False,7
26.643,26.777,-1,ハマってみよっか,"[(3, 'ハマ'), (7, 'ってみよっか')]",False,False,7
26.477,26.643,-1,ハマってみよっか,"[(3, 'ハ'), (7, 'マってみよっか')]",False,True,7
73.19,73.524,-1,メぐっちゃってよ,"[(3, 'メぐっちゃってよ')]",True,False,7
73.023,73.19,-1,メぐっちゃってよ,"[(3, 'メぐっちゃって'), (7, 'よ')]",False,False,7
72.89,73.023,-1,メぐっちゃってよ,"[(3, 'メぐっちゃっ'), (7, 'てよ')]",False,False,7
72.723,72.89,-1,メぐっちゃってよ,"[(3, 'メぐっちゃ'), (7, 'ってよ')]",False,False,7
72.556,72.723,-1,メぐっちゃってよ,"[(3, 'メぐっ'), (7, 'ちゃってよ')]",False,False,7
72.389,72.556,-1,メぐっちゃってよ,"[(3, 'メぐ'), (7, 'っちゃってよ')]",False,False,7
72.222,72.389,-1,メぐっちゃってよ,"[(3, 'メ'), (7, 'ぐっちゃってよ')]",False,False,7
68.118,68.419,-1,メぐっちゃってよ,"[(4, 'メぐっちゃってよ')]",False,False,7
67.885,68.118,-1,メぐっちゃってよ,"[(4, 'メぐっちゃって'), (7, 'よ')]",False,False,7
67.785,67.885,-1,メぐっちゃってよ,"[(4, 'メぐっちゃっ'), (7, 'てよ')]",False,False,7
67.618,67.785,-1,メぐっちゃってよ,"[(4, 'メぐっちゃ'), (7, 'ってよ')]",False,False,7
67.451,67.618,-1,メぐっちゃってよ,"[(4, 'メぐっ'), (7, 'ちゃってよ')]",False,False,7
67.284,67.451,-1,メぐっちゃってよ,"[(4, 'メぐ'), (7, 'っちゃってよ')]",False,False,7
67.117,67.284,-1,メぐっちゃってよ,"[(4, 'メ'), (7, 'ぐっちゃってよ')]",False,True,7
74.291,76.226,-1,ンアッハッハ,"[(3, 'ンアッハッハ')]",True,False,7
73.991,74.291,-1,ンアッハッハ,"[(3, 'ンアッハッ'), (7, 'ハ')]",False,False,7
73.69,73.991,-1,ンアッハッハ,"[(3, 'ンアッ'), (7, 'ハッハ')]",False,False,7
73.524,73.69,-1,ンアッハッハ,"[(3, 'ン'), (7, 'アッハッハ')]",False,False,7
69.219,69.72,-1,ンアッハッハ,"[(4, 'ンアッハッハ')]",False,False,7
68.886,69.219,-1,ンアッハッハ,"[(4, 'ンアッハッ'), (7, 'ハ')]",False,False,7
68.585,68.886,-1,ンアッハッハ,"[(4, 'ンアッ'), (7, 'ハッハ')]",False,False,7
68.419,68.585,-1,ンアッハッハ,"[(4, 'ン'), (7, 'アッハッハ')]",False,True,7
11.295,13.831,-1,作詞/作曲：deco*27,"[(6, '作詞/作曲：deco*27')]",True,True,0
100.184,100.517,-1,剥がれ落ちたメイク,"[(3, '剥がれ落ちたメイク')]",True,False,7
99.983,100.184,-1,剥がれ落ちたメイク,"[(3, '剥がれ落ちたメイ'), (7, 'ク')]",False,False,7
99.85,99.983,-1,剥がれ落ちたメイク,"[(3, '剥がれ落ちたメ'), (7, 'イク')]",False,False,7
99.683,99.85,-1,剥がれ落ちたメイク,"[(3, '剥がれ落ちた'), (7, 'メイク')]",False,False,7
99.55,99.683,-1,剥がれ落ちたメイク,"[(3, '剥がれ落ち'), (7, 'たメイク')]",False,False,7
99.349,99.55,-1,剥がれ落ちたメイク,"[(3, '剥がれ落'), (7, 'ちたメイク')]",False,False,7
99.216,99.349,-1,剥がれ落ちたメイク,"[(3, '剥がれ'), (7, '落ちたメイク')]",False,False,7
99.083,99.216,-1,剥がれ落ちたメイク,"[(3, '剥が'), (7, 'れ落ちたメイク')]",False,False,7
98.882,99.083,-1,剥がれ落ちたメイク,"[(3, '剥'), (7, 'がれ落ちたメイク')]",False,False,7
58.042,58.375,-1,剥がれ落ちたメイク,"[(1, '剥がれ落ちたメイク')]",False,False,7
57.875,58.042,-1,剥がれ落ちたメイク,"[(1, '剥がれ落ちたメイ'), (7, 'ク')]",False,False,7
57.708,57.875,-1,剥がれ落ちたメイク,"[(1, '剥がれ落ちたメ'), (7, 'イク')]",False,False,7
57.541,57.708,-1,剥がれ落ちたメイク,"[(1, '剥がれ落ちた'), (7, 'メイク')]",False,False,7
57.374,57.541,-1,剥がれ落ちたメイク,"[(1, '剥がれ落ち'), (7, 'たメイク')]",False,False,7
57.241,57.374,-1,剥がれ落ちたメイク,"[(1, '剥がれ落'), (7, 'ちたメイク')]",False,False,7
57.074,57.241,-1,剥がれ落ちたメイク,"[(1, '剥がれ'), (7, '落ちたメイク')]",False,False,7
56.94,57.074,-1,剥がれ落ちたメイク,"[(1, '剥が'), (7, 'れ落ちたメイク')]",False,False,7
56.774,56.94,-1,剥がれ落ちたメイク,"[(1, '剥'), (7, 'がれ落ちたメイク')]",False,False,7
42.76,43.06,-1,剥がれ落ちたメイク,"[(1, '剥がれ落ちたメイク')]",False,False,7
42.559,42.76,-1,剥がれ落ちたメイク,"[(1, '剥がれ落ちたメイ'), (7, 'ク')]",False,False,7
42.393,42.559,-1,剥がれ落ちたメイク,"[(1, '剥がれ落ちたメ'), (7, 'イク')]",False,False,7
42.259,42.393,-1,剥がれ落ちたメイク,"[(1, '剥がれ落ちた'), (7, 'メイク')]",False,False,7
42.092,42.259,-1,剥がれ落ちたメイク,"[(1, '剥がれ落ち'), (7, 'たメイク')]",False,False,7
41.925,42.092,-1,剥がれ落ちたメイク,"[(1, '剥がれ落'), (7, 'ちたメイク')]",False,False,7
41.759,41.925,-1,剥がれ落ちたメイク,"[(1, '剥がれ'), (7, '落ちたメイク')]",False,False,7
41.625,41.759,-1,剥がれ落ちたメイク,"[(1, '剥が'), (7, 'れ落ちたメイク')]",False,False,7
41.458,41.625,-1,剥がれ落ちたメイク,"[(1, '剥'), (7, 'がれ落ちたメイク')]",False,False,7
1.885,2.219,-1,剥がれ落ちたメイク,"[(4, '剥がれ落ちたメイク')]",False,False,7
1.719,1.885,-1,剥がれ落ちたメイク,"[(4, '剥がれ落ちたメイ'), (7, 'ク')]",False,False,7
1.552,1.719,-1,剥がれ落ちたメイク,"[(4, '剥がれ落ちたメ'), (7, 'イク')]",False,False,7
1.385,1.552,-1,剥がれ落ちたメイク,"[(4, '剥がれ落ちた'), (7, 'メイク')]",False,False,7
1.251,1.385,-1,剥がれ落ちたメイク,"[(4, '剥がれ落ち'), (7, 'たメイク')]",False,False,7
1.085,1.251,-1,剥がれ落ちたメイク,"[(4, '剥がれ落'), (7, 'ちたメイク')]",False,False,7
0.918,1.085,-1,剥がれ落ちたメイク,"[(4, '剥がれ'), (7, '落ちたメイク')]",False,False,7
0.751,0.918,-1,剥がれ落ちたメイク,"[(4, '剥が'), (7, 'れ落ちたメイク')]",False,False,7
0.584,0.751,-1,剥がれ落ちたメイク,"[(4, '剥'), (7, 'がれ落ちたメイク')]",False,True,7
119.169,119.636,-1,喉鳴らしていっちゃうまで,"[(1, '喉鳴らしていっちゃうまで')]",True,False,7
119.002,119.169,-1,喉鳴らしていっちゃうまで,"[(1, '喉鳴らしていっちゃうま'), (7, 'で')]",False,False,7
118.836,119.002,-1,喉鳴らしていっちゃうまで,"[(1, '喉鳴らしていっちゃう'), (7, 'まで')]",False,False,7
118.702,118.836,-1,喉鳴らしていっちゃうまで,"[(1, '喉鳴らしていっちゃ'), (7, 'うまで')]",False,False,7
118.502,118.702,-1,喉鳴らしていっちゃうまで,"[(1, '喉鳴らしていっ'), (7, 'ちゃうまで')]",False,False,7
118.368,118.502,-1,喉鳴らしていっちゃうまで,"[(1, '喉鳴らしてい'), (7, 'っちゃうまで')]",False,False,7
118.202,118.368,-1,喉鳴らしていっちゃうまで,"[(1, '喉鳴らして'), (7, 'いっちゃうまで')]",False,False,7
118.035,118.202,-1,喉鳴らしていっちゃうまで,"[(1, '喉鳴らし'), (7, 'ていっちゃうまで')]",False,False,7
117.868,118.035,-1,喉鳴らしていっちゃうまで,"[(1, '喉鳴ら'), (7, 'していっちゃうまで')]",False,False,7
117.734,117.868,-1,喉鳴らしていっちゃうまで,"[(1, '喉鳴'), (7, 'らしていっちゃうまで')]",False,False,7
117.568,117.734,-1,喉鳴らしていっちゃうまで,"[(1, '喉'), (7, '鳴らしていっちゃうまで')]",False,False,7
117.401,117.568,-1,喉鳴らしていっちゃうまで,"[(1, '喉'), (7, '鳴らしていっちゃうまで')]",False,False,7
108.959,109.093,-1,喉鳴らしていっちゃうまで,"[(4, '喉鳴らしていっちゃうまで')]",False,False,7
108.792,108.959,-1,喉鳴らしていっちゃうまで,"[(4, '喉鳴らしていっちゃうま'), (7, 'で')]",False,False,7
108.625,108.792,-1,喉鳴らしていっちゃうまで,"[(4, '喉鳴らしていっちゃう'), (7, 'まで')]",False,False,7
108.459,108.625,-1,喉鳴らしていっちゃうまで,"[(4, '喉鳴らしていっちゃ'), (7, 'うまで')]",False,False,7
108.292,108.459,-1,喉鳴らしていっちゃうまで,"[(4, '喉鳴らしていっ'), (7, 'ちゃうまで')]",False,False,7
108.125,108.292,-1,喉鳴らしていっちゃうまで,"[(4, '喉鳴らしてい'), (7, 'っちゃうまで')]",False,False,7
107.991,108.125,-1,喉鳴らしていっちゃうまで,"[(4, '喉鳴らして'), (7, 'いっちゃうまで')]",False,False,7
107.825,107.991,-1,喉鳴らしていっちゃうまで,"[(4, '喉鳴らし'), (7, 'ていっちゃうまで')]",False,False,7
107.658,107.825,-1,喉鳴らしていっちゃうまで,"[(4, '喉鳴ら'), (7, 'していっちゃうまで')]",False,False,7
107.524,107.658,-1,喉鳴らしていっちゃうまで,"[(4, '喉鳴'), (7, 'らしていっちゃうまで')]",False,False,7
107.391,107.524,-1,喉鳴らしていっちゃうまで,"[(4, '喉'), (7, '鳴らしていっちゃうまで')]",False,False,7
107.257,107.391,-1,喉鳴らしていっちゃうまで,"[(4, '喉'), (7, '鳴らしていっちゃうまで')]",False,False,7
51.502,51.969,-1,喉鳴らしていっちゃうまで,"[(3, '喉鳴らしていっちゃうまで')]",False,False,7
51.335,51.502,-1,喉鳴らしていっちゃうまで,"[(3, '喉鳴らしていっちゃうま'), (7, 'で')]",False,False,7
51.168,51.335,-1,喉鳴らしていっちゃうまで,"[(3, '喉鳴らしていっちゃう'), (7, 'まで')]",False,False,7
51.001,51.168,-1,喉鳴らしていっちゃうまで,"[(3, '喉鳴らしていっちゃ'), (7, 'うまで')]",False,False,7
50.834,51.001,-1,喉鳴らしていっちゃうまで,"[(3, '喉鳴らしていっ'), (7, 'ちゃうまで')]",False,False,7
50.701,50.834,-1,喉鳴らしていっちゃうまで,"[(3, '喉鳴らしてい'), (7, 'っちゃうまで')]",False,False,7
50.534,50.701,-1,喉鳴らしていっちゃうまで,"[(3, '喉鳴らして'), (7, 'いっちゃうまで')]",False,False,7
50.367,50.534,-1,喉鳴らしていっちゃうまで,"[(3, '喉鳴らし'), (7, 'ていっちゃうまで')]",False,False,7
50.2,50.367,-1,喉鳴らしていっちゃうまで,"[(3, '喉鳴ら'), (7, 'していっちゃうまで')]",False,False,7
50.034,50.2,-1,喉鳴らしていっちゃうまで,"[(3, '喉鳴'), (7, 'らしていっちゃうまで')]",False,False,7
49.9,50.034,-1,喉鳴らしていっちゃうまで,"[(3, '喉'), (7, '鳴らしていっちゃうまで')]",False,False,7
49.733,49.9,-1,喉鳴らしていっちゃうまで,"[(3, '喉'), (7, '鳴らしていっちゃうまで')]",False,False,7
10.627,11.295,-1,喉鳴らしていっちゃうまで,"[(3, '喉鳴らして'), (1, 'いっちゃうまで')]",False,False,7
10.494,10.627,-1,喉鳴らしていっちゃうまで,"[(3, '喉鳴らして'), (1, 'いっちゃうま'), (7, 'で')]",False,False,7
10.327,10.494,-1,喉鳴らしていっちゃうまで,"[(3, '喉鳴らして'), (1, 'いっちゃう'), (7, 'まで')]",False,False,7
10.16,10.327,-1,喉鳴らしていっちゃうまで,"[(3, '喉鳴らして'), (1, 'いっちゃ'), (7, 'うまで')]",False,False,7
9.994,10.16,-1,喉鳴らしていっちゃうまで,"[(3, '喉鳴らして'), (1, 'いっ'), (7, 'ちゃうまで')]",False,False,7
9.827,9.994,-1,喉鳴らしていっちゃうまで,"[(3, '喉鳴らして'), (1, 'い'), (7, 'っちゃうまで')]",False,False,7
9.693,9.827,-1,喉鳴らしていっちゃうまで,"[(3, '喉鳴らして'), (7, 'いっちゃうまで')]",False,False,7
9.526,9.693,-1,喉鳴らしていっちゃうまで,"[(3, '喉鳴らし'), (7, 'ていっちゃうまで')]",False,False,7
9.36,9.526,-1,喉鳴らしていっちゃうまで,"[(3, '喉鳴ら'), (7, 'していっちゃうまで')]",False,False,7
9.193,9.36,-1,喉鳴らしていっちゃうまで,"[(3, '喉鳴'), (7, 'らしていっちゃうまで')]",False,False,7
9.059,9.193,-1,喉鳴らしていっちゃうまで,"[(3, '喉'), (7, '鳴らしていっちゃうまで')]",False,False,7
8.892,9.059,-1,喉鳴らしていっちゃうまで,"[(3, '喉'), (7, '鳴らしていっちゃうまで')]",False,True,7
79.563,79.763,-1,喰らい甲斐なくてつまんない,"[(3, '喰らい甲斐なくてつまんない')]",True,False,7
79.396,79.563,-1,喰らい甲斐なくてつまんない,"[(3, '喰らい甲斐なくてつまんな'), (7, 'い')]",False,False,7
79.229,79.396,-1,喰らい甲斐なくてつまんない,"[(3, '喰らい甲斐なくてつまん'), (7, 'ない')]",False,False,7
79.096,79.229,-1,喰らい甲斐なくてつまんない,"[(3, '喰らい甲斐なくてつま'), (7, 'んない')]",False,False,7
78.929,79.096,-1,喰らい甲斐なくてつまんない,"[(3, '喰らい甲斐なくてつ'), (7, 'まんない')]",False,False,7
78.762,78.929,-1,喰らい甲斐なくてつまんない,"[(3, '喰らい甲斐なくて'), (7, 'つまんない')]",False,False,7
78.629,78.762,-1,喰らい甲斐なくてつまんない,"[(3, '喰らい甲斐なく'), (7, 'てつまんない')]",False,False,7
78.462,78.629,-1,喰らい甲斐なくてつまんない,"[(3, '喰らい甲斐な'), (7, 'くてつまんない')]",False,False,7
78.295,78.462,-1,喰らい甲斐なくてつまんない,"[(3, '喰らい甲斐'), (7, 'なくてつまんない')]",False,False,7
78.128,78.295,-1,喰らい甲斐なくてつまんない,"[(3, '喰らい甲'), (7, '斐なくてつまんない')]",False,False,7
77.961,78.128,-1,喰らい甲斐なくてつまんない,"[(3, '喰らい'), (7, '甲斐なくてつまんない')]",False,False,7
77.828,77.961,-1,喰らい甲斐なくてつまんない,"[(3, '喰ら'), (7, 'い甲斐なくてつまんない')]",False,False,7
77.661,77.828,-1,喰らい甲斐なくてつまんない,"[(3, '喰'), (7, 'らい甲斐なくてつまんない')]",False,True,7
125.709,126.043,-1,塗り重ねたメイク,"[(3, '塗り重ねたメイク')]",True,False,7
125.542,125.709,-1,塗り重ねたメイク,"[(3, '塗り重ねたメイ'), (7, 'ク')]",False,False,7
125.375,125.542,-1,塗り重ねたメイク,"[(3, '塗り重ねたメ'), (7, 'イク')]",False,False,7
125.209,125.375,-1,塗り重ねたメイク,"[(3, '塗り重ねた'), (7, 'メイク')]",False,False,7
125.008,125.209,-1,塗り重ねたメイク,"[(3, '塗り重ね'), (7, 'たメイク')]",False,False,7
124.875,125.008,-1,塗り重ねたメイク,"[(3, '塗り重'), (7, 'ねたメイク')]",False,False,7
124.708,124.875,-1,塗り重ねたメイク,"[(3, '塗り重'), (7, 'ねたメイク')]",False,False,7
124.575,124.708,-1,塗り重ねたメイク,"[(3, '塗り'), (7, '重ねたメイク')]",False,False,7
124.441,124.575,-1,塗り重ねたメイク,"[(3, '塗'), (7, 'り重ねたメイク')]",False,False,7
110.394,110.694,-1,塗り重ねたメイク,"[(1, '塗り重ねたメイク')]",False,False,7
110.227,110.394,-1,塗り重ねたメイク,"[(1, '塗り重ねたメイ'), (7, 'ク')]",False,False,7
110.027,110.227,-1,塗り重ねたメイク,"[(1, '塗り重ねたメ'), (7, 'イク')]",False,False,7
109.893,110.027,-1,塗り重ねたメイク,"[(1, '塗り重ねた'), (7, 'メイク')]",False,False,7
109.726,109.893,-1,塗り重ねたメイク,"[(1, '塗り重ね'), (7, 'たメイク')]",False,False,7
109.56,109.726,-1,塗り重ねたメイク,"[(1, '塗り重'), (7, 'ねたメイク')]",False,False,7
109.393,109.56,-1,塗り重ねたメイク,"[(1, '塗り重'), (7, 'ねたメイク')]",False,False,7
109.259,109.393,-1,塗り重ねたメイク,"[(1, '塗り'), (7, '重ねたメイク')]",False,False,7
109.093,109.259,-1,塗り重ねたメイク,"[(1, '塗'), (7, 'り重ねたメイク')]",False,True,7
84.535,84.835,-1,少しだけ欲張れるなら,"[(4, '少しだけ欲張れるなら')]",True,False,7
84.368,84.535,-1,少しだけ欲張れるなら,"[(4, '少しだけ欲張れるな'), (7, 'ら')]",False,False,7
84.201,84.368,-1,少しだけ欲張れるなら,"[(4, '少しだけ欲張れる'), (7, 'なら')]",False,False,7
84.068,84.201,-1,少しだけ欲張れるなら,"[(4, '少しだけ欲張れ'), (7, 'るなら')]",False,False,7
83.901,84.068,-1,少しだけ欲張れるなら,"[(4, '少しだけ欲張'), (7, 'れるなら')]",False,False,7
83.734,83.901,-1,少しだけ欲張れるなら,"[(4, '少しだけ欲'), (7, '張れるなら')]",False,False,7
83.567,83.734,-1,少しだけ欲張れるなら,"[(4, '少しだけ欲'), (7, '張れるなら')]",False,False,7
83.3,83.567,-1,少しだけ欲張れるなら,"[(4, '少しだけ'), (7, '欲張れるなら')]",False,False,7
83.1,83.3,-1,少しだけ欲張れるなら,"[(4, '少しだ'), (7, 'け欲張れるなら')]",False,False,7
82.933,83.1,-1,少しだけ欲張れるなら,"[(4, '少し'), (7, 'だけ欲張れるなら')]",False,False,7
82.8,82.933,-1,少しだけ欲張れるなら,"[(4, '少'), (7, 'しだけ欲張れるなら')]",False,False,7
82.566,82.8,-1,少しだけ欲張れるなら,"[(4, '少'), (7, 'しだけ欲張れるなら')]",False,True,7
36.186,36.653,-1,心真っ赤にしてどうしちゃったの,"[(4, '心真っ赤にしてどうしちゃったの')]",True,False,7
36.02,36.186,-1,心真っ赤にしてどうしちゃったの,"[(4, '心真っ赤にしてどうしちゃった'), (7, 'の')]",False,False,7
35.886,36.02,-1,心真っ赤にしてどうしちゃったの,"[(4, '心真っ赤にしてどうしちゃっ'), (7, 'たの')]",False,False,7
35.686,35.886,-1,心真っ赤にしてどうしちゃったの,"[(4, '心真っ赤にしてどうしちゃ'), (7, 'ったの')]",False,False,7
35.552,35.686,-1,心真っ赤にしてどうしちゃったの,"[(4, '心真っ赤にしてどうし'), (7, 'ちゃったの')]",False,False,7
35.386,35.552,-1,心真っ赤にしてどうしちゃったの,"[(4, '心真っ赤にしてどう'), (7, 'しちゃったの')]",False,False,7
35.219,35.386,-1,心真っ赤にしてどうしちゃったの,"[(4, '心真っ赤にしてど'), (7, 'うしちゃったの')]",False,False,7
35.052,35.219,-1,心真っ赤にしてどうしちゃったの,"[(4, '心真っ赤にして'), (7, 'どうしちゃったの')]",False,False,7
34.918,35.052,-1,心真っ赤にしてどうしちゃったの,"[(4, '心真っ赤にし'), (7, 'てどうしちゃったの')]",False,False,7
34.752,34.918,-1,心真っ赤にしてどうしちゃったの,"[(4, '心真っ赤に'), (7, 'してどうしちゃったの')]",False,False,7
34.585,34.752,-1,心真っ赤にしてどうしちゃったの,"[(4, '心真っ赤'), (7, 'にしてどうしちゃったの')]",False,False,7
34.418,34.585,-1,心真っ赤にしてどうしちゃったの,"[(4, '心真っ'), (7, '赤にしてどうしちゃったの')]",False,False,7
34.251,34.418,-1,心真っ赤にしてどうしちゃったの,"[(4, '心真'), (7, 'っ赤にしてどうしちゃったの')]",False,False,7
34.084,34.251,-1,心真っ赤にしてどうしちゃったの,"[(4, '心'), (7, '真っ赤にしてどうしちゃったの')]",False,False,7
33.951,34.084,-1,心真っ赤にしてどうしちゃったの,"[(4, '心'), (7, '真っ赤にしてどうしちゃったの')]",False,False,7
33.784,33.951,-1,心真っ赤にしてどうしちゃったの,"[(4, '心'), (7, '真っ赤にしてどうしちゃったの')]",False,True,7
31.048,31.382,-1,愛に期待は禁物だよ,"[(3, '愛に期待は禁物だよ')]",True,False,7
30.881,31.048,-1,愛に期待は禁物だよ,"[(3, '愛に期待は禁物だ'), (7, 'よ')]",False,False,7
30.748,30.881,-1,愛に期待は禁物だよ,"[(3, '愛に期待は禁物'), (7, 'だよ')]",False,False,7
30.581,30.748,-1,愛に期待は禁物だよ,"[(3, '愛に期待は禁物'), (7, 'だよ')]",False,False,7
30.414,30.581,-1,愛に期待は禁物だよ,"[(3, '愛に期待は禁'), (7, '物だよ')]",False,False,7
30.28,30.414,-1,愛に期待は禁物だよ,"[(3, '愛に期待は禁'), (7, '物だよ')]",False,False,7
30.08,30.28,-1,愛に期待は禁物だよ,"[(3, '愛に期待は'), (7, '禁物だよ')]",False,False,7
29.947,30.08,-1,愛に期待は禁物だよ,"[(3, '愛に期待'), (7, 'は禁物だよ')]",False,False,7
29.78,29.947,-1,愛に期待は禁物だよ,"[(3, '愛に期待'), (7, 'は禁物だよ')]",False,False,7
29.613,29.78,-1,愛に期待は禁物だよ,"[(3, '愛に期'), (7, '待は禁物だよ')]",False,False,7
29.446,29.613,-1,愛に期待は禁物だよ,"[(3, '愛に'), (7, '期待は禁物だよ')]",False,False,7
29.313,29.446,-1,愛に期待は禁物だよ,"[(3, '愛'), (7, 'に期待は禁物だよ')]",False,False,7
29.146,29.313,-1,愛に期待は禁物だよ,"[(3, '愛'), (7, 'に期待は禁物だよ')]",False,True,7
18.936,21.338,-1,歌：ハコス・ベールズ、七詩ムメイ,"[(6, '歌：ハコス・ベールズ、七詩ムメイ')]",True,True,0
120.771,120.971,-1,牙を出し叫べ,"[(4, '牙を出し叫べ')]",True,False,7
120.604,120.771,-1,牙を出し叫べ,"[(4, '牙を出し叫'), (7, 'べ')]",False,False,7
120.437,120.604,-1,牙を出し叫べ,"[(4, '牙を出し叫'), (7, 'べ')]",False,False,7
120.27,120.437,-1,牙を出し叫べ,"[(4, '牙を出し'), (7, '叫べ')]",False,False,7
120.104,120.27,-1,牙を出し叫べ,"[(4, '牙を出'), (7, 'し叫べ')]",False,False,7
119.937,120.104,-1,牙を出し叫べ,"[(4, '牙を'), (7, '出し叫べ')]",False,False,7
119.803,119.937,-1,牙を出し叫べ,"[(4, '牙'), (7, 'を出し叫べ')]",False,False,7
119.636,119.803,-1,牙を出し叫べ,"[(4, '牙'), (7, 'を出し叫べ')]",False,False,7
53.07,53.27,-1,牙を出し叫べ,"[(4, '牙を出し叫べ')]",False,False,7
52.936,53.07,-1,牙を出し叫べ,"[(4, '牙を出し叫'), (7, 'べ')]",False,False,7
52.77,52.936,-1,牙を出し叫べ,"[(4, '牙を出し叫'), (7, 'べ')]",False,False,7
52.603,52.77,-1,牙を出し叫べ,"[(4, '牙を出し'), (7, '叫べ')]",False,False,7
52.436,52.603,-1,牙を出し叫べ,"[(4, '牙を出'), (7, 'し叫べ')]",False,False,7
52.269,52.436,-1,牙を出し叫べ,"[(4, '牙を'), (7, '出し叫べ')]",False,False,7
52.136,52.269,-1,牙を出し叫べ,"[(4, '牙'), (7, 'を出し叫べ')]",False,False,7
51.969,52.136,-1,牙を出し叫べ,"[(4, '牙'), (7, 'を出し叫べ')]",False,True,7
38.589,38.889,-1,痛みすらもし愛せたら,"[(3, '痛みすらもし愛せたら')]",True,False,7
38.389,38.589,-1,痛みすらもし愛せたら,"[(3, '痛みすらもし愛せた'), (7, 'ら')]",False,False,7
38.222,38.389,-1,痛みすらもし愛せたら,"[(3, '痛みすらもし愛せ'), (7, 'たら')]",False,False,7
38.088,38.222,-1,痛みすらもし愛せたら,"[(3, '痛みすらもし愛'), (7, 'せたら')]",False,False,7
37.921,38.088,-1,痛みすらもし愛せたら,"[(3, '痛みすらもし愛'), (7, 'せたら')]",False,False,7
37.755,37.921,-1,痛みすらもし愛せたら,"[(3, '痛みすらもし'), (7, '愛せたら')]",False,False,7
37.588,37.755,-1,痛みすらもし愛せたら,"[(3, '痛みすらも'), (7, 'し愛せたら')]",False,False,7
37.287,37.588,-1,痛みすらもし愛せたら,"[(3, '痛みすら'), (7, 'もし愛せたら')]",False,False,7
37.121,37.287,-1,痛みすらもし愛せたら,"[(3, '痛みす'), (7, 'らもし愛せたら')]",False,False,7
36.987,37.121,-1,痛みすらもし愛せたら,"[(3, '痛み'), (7, 'すらもし愛せたら')]",False,False,7
36.82,36.987,-1,痛みすらもし愛せたら,"[(3, '痛'), (7, 'みすらもし愛せたら')]",False,False,7
36.653,36.82,-1,痛みすらもし愛せたら,"[(3, '痛'), (7, 'みすらもし愛せたら')]",False,True,7
129.379,129.98,-1,目を開いて待ってるのよ,"[(3, '目を開いて待ってるのよ')]",True,False,7
129.213,129.379,-1,目を開いて待ってるのよ,"[(3, '目を開いて待ってるの'), (7, 'よ')]",False,False,7
129.046,129.213,-1,目を開いて待ってるのよ,"[(3, '目を開いて待ってる'), (7, 'のよ')]",False,False,7
128.879,129.046,-1,目を開いて待ってるのよ,"[(3, '目を開いて待って'), (7, 'るのよ')]",False,False,7
128.745,128.879,-1,目を開いて待ってるのよ,"[(3, '目を開いて待っ'), (7, 'てるのよ')]",False,False,7
128.579,128.745,-1,目を開いて待ってるのよ,"[(3, '目を開いて待'), (7, 'ってるのよ')]",False,False,7
128.412,128.579,-1,目を開いて待ってるのよ,"[(3, '目を開いて'), (7, '待ってるのよ')]",False,False,7
128.245,128.412,-1,目を開いて待ってるのよ,"[(3, '目を開い'), (7, 'て待ってるのよ')]",False,False,7
128.078,128.245,-1,目を開いて待ってるのよ,"[(3, '目を開'), (7, 'いて待ってるのよ')]",False,False,7
127.945,128.078,-1,目を開いて待ってるのよ,"[(3, '目を開'), (7, 'いて待ってるのよ')]",False,False,7
127.778,127.945,-1,目を開いて待ってるのよ,"[(3, '目を'), (7, '開いて待ってるのよ')]",False,False,7
127.611,127.778,-1,目を開いて待ってるのよ,"[(3, '目'), (7, 'を開いて待ってるのよ')]",False,False,7
114.031,114.164,-1,目を開いて待ってるのよ,"[(1, '目を開いて待ってるのよ')]",False,False,7
113.897,114.031,-1,目を開いて待ってるのよ,"[(1, '目を開いて待ってるの'), (7, 'よ')]",False,False,7
113.764,113.897,-1,目を開いて待ってるのよ,"[(1, '目を開いて待ってる'), (7, 'のよ')]",False,False,7
113.564,113.764,-1,目を開いて待ってるのよ,"[(1, '目を開いて待って'), (7, 'るのよ')]",False,False,7
113.43,113.564,-1,目を開いて待ってるのよ,"[(1, '目を開いて待っ'), (7, 'てるのよ')]",False,False,7
113.263,113.43,-1,目を開いて待ってるのよ,"[(1, '目を開いて待'), (7, 'ってるのよ')]",False,False,7
113.13,113.263,-1,目を開いて待ってるのよ,"[(1, '目を開いて'), (7, '待ってるのよ')]",False,False,7
112.93,113.13,-1,目を開いて待ってるのよ,"[(1, '目を開い'), (7, 'て待ってるのよ')]",False,False,7
112.796,112.93,-1,目を開いて待ってるのよ,"[(1, '目を開'), (7, 'いて待ってるのよ')]",False,False,7
112.629,112.796,-1,目を開いて待ってるのよ,"[(1, '目を開'), (7, 'いて待ってるのよ')]",False,False,7
112.463,112.629,-1,目を開いて待ってるのよ,"[(1, '目を'), (7, '開いて待ってるのよ')]",False,False,7
112.296,112.463,-1,目を開いて待ってるのよ,"[(1, '目'), (7, 'を開いて待ってるのよ')]",False,True,7
28.846,29.146,-1,突破するゲート,"[(3, '突破するゲート')]",True,False,7
28.679,28.846,-1,突破するゲート,"[(3, '突破するゲー'), (7, 'ト')]",False,False,7
28.512,28.679,-1,突破するゲート,"[(3, '突破するゲ'), (7, 'ート')]",False,False,7
28.345,28.512,-1,突破するゲート,"[(3, '突破する'), (7, 'ゲート')]",False,False,7
28.212,28.345,-1,突破するゲート,"[(3, '突破す'), (7, 'るゲート')]",False,False,7
28.012,28.212,-1,突破するゲート,"[(3, '突破'), (7, 'するゲート')]",False,False,7
27.878,28.012,-1,突破するゲート,"[(3, '突'), (7, '破するゲート')]",False,False,7
27.745,27.878,-1,突破するゲート,"[(3, '突'), (7, '破するゲート')]",False,True,7
25.943,26.477,-1,良いも悪いも全然しよ,"[(4, '良いも悪いも全然しよ')]",True,False,7
25.776,25.943,-1,良いも悪いも全然しよ,"[(4, '良いも悪いも全然し'), (7, 'よ')]",False,False,7
25.642,25.776,-1,良いも悪いも全然しよ,"[(4, '良いも悪いも全然'), (7, 'しよ')]",False,False,7
25.476,25.642,-1,良いも悪いも全然しよ,"[(4, '良いも悪いも全然'), (7, 'しよ')]",False,False,7
25.309,25.476,-1,良いも悪いも全然しよ,"[(4, '良いも悪いも全'), (7, '然しよ')]",False,False,7
25.142,25.309,-1,良いも悪いも全然しよ,"[(4, '良いも悪いも全'), (7, '然しよ')]",False,False,7
25.009,25.142,-1,良いも悪いも全然しよ,"[(4, '良いも悪いも'), (7, '全然しよ')]",False,False,7
24.842,25.009,-1,良いも悪いも全然しよ,"[(4, '良いも悪い'), (7, 'も全然しよ')]",False,False,7
24.675,24.842,-1,良いも悪いも全然しよ,"[(4, '良いも悪'), (7, 'いも全然しよ')]",False,False,7
24.508,24.675,-1,良いも悪いも全然しよ,"[(4, '良いも悪'), (7, 'いも全然しよ')]",False,False,7
24.375,24.508,-1,良いも悪いも全然しよ,"[(4, '良いも'), (7, '悪いも全然しよ')]",False,False,7
24.208,24.375,-1,良いも悪いも全然しよ,"[(4, '良い'), (7, 'も悪いも全然しよ')]",False,False,7
24.041,24.208,-1,良いも悪いも全然しよ,"[(4, '良'), (7, 'いも悪いも全然しよ')]",False,True,7
103.821,103.987,-1,醜くてもやっちゃうのよ,"[(3, '醜くてもやっちゃうのよ')]",True,False,7
103.654,103.821,-1,醜くてもやっちゃうのよ,"[(3, '醜くてもやっちゃうの'), (7, 'よ')]",False,False,7
103.487,103.654,-1,醜くてもやっちゃうのよ,"[(3, '醜くてもやっちゃう'), (7, 'のよ')]",False,False,7
103.353,103.487,-1,醜くてもやっちゃうのよ,"[(3, '醜くてもやっちゃ'), (7, 'うのよ')]",False,False,7
103.22,103.353,-1,醜くてもやっちゃうのよ,"[(3, '醜くてもやっ'), (7, 'ちゃうのよ')]",False,False,7
103.053,103.22,-1,醜くてもやっちゃうのよ,"[(3, '醜くてもや'), (7, 'っちゃうのよ')]",False,False,7
102.886,103.053,-1,醜くてもやっちゃうのよ,"[(3, '醜くても'), (7, 'やっちゃうのよ')]",False,False,7
102.719,102.886,-1,醜くてもやっちゃうのよ,"[(3, '醜くて'), (7, 'もやっちゃうのよ')]",False,False,7
102.586,102.719,-1,醜くてもやっちゃうのよ,"[(3, '醜く'), (7, 'てもやっちゃうのよ')]",False,False,7
102.419,102.586,-1,醜くてもやっちゃうのよ,"[(3, '醜'), (7, 'くてもやっちゃうのよ')]",False,False,7
102.086,102.419,-1,醜くてもやっちゃうのよ,"[(3, '醜'), (7, 'くてもやっちゃうのよ')]",False,False,7
61.678,62.346,-1,醜くてもやっちゃうのよ,"[(1, '醜くてもやっちゃうのよ')]",False,False,7
61.512,61.678,-1,醜くてもやっちゃうのよ,"[(1, '醜くてもやっちゃうの'), (7, 'よ')]",False,False,7
61.345,61.512,-1,醜くてもやっちゃうのよ,"[(1, '醜くてもやっちゃう'), (7, 'のよ')]",False,False,7
61.211,61.345,-1,醜くてもやっちゃうのよ,"[(1, '醜くてもやっちゃ'), (7, 'うのよ')]",False,False,7
61.045,61.211,-1,醜くてもやっちゃうのよ,"[(1, '醜くてもやっ'), (7, 'ちゃうのよ')]",False,False,7
60.878,61.045,-1,醜くてもやっちゃうのよ,"[(1, '醜くてもや'), (7, 'っちゃうのよ')]",False,False,7
60.744,60.878,-1,醜くてもやっちゃうのよ,"[(1, '醜くても'), (7, 'やっちゃうのよ')]",False,False,7
60.577,60.744,-1,醜くてもやっちゃうのよ,"[(1, '醜くて'), (7, 'もやっちゃうのよ')]",False,False,7
60.411,60.577,-1,醜くてもやっちゃうのよ,"[(1, '醜く'), (7, 'てもやっちゃうのよ')]",False,False,7
60.244,60.411,-1,醜くてもやっちゃうのよ,"[(1, '醜'), (7, 'くてもやっちゃうのよ')]",False,False,7
59.91,60.244,-1,醜くてもやっちゃうのよ,"[(1, '醜'), (7, 'くてもやっちゃうのよ')]",False,False,7
46.363,46.563,-1,醜くてもやっちゃうのよ,"[(1, '醜くてもやっちゃうのよ')]",False,False,7
46.23,46.363,-1,醜くてもやっちゃうのよ,"[(1, '醜くてもやっちゃうの'), (7, 'よ')]",False,False,7
46.063,46.23,-1,醜くてもやっちゃうのよ,"[(1, '醜くてもやっちゃう'), (7, 'のよ')]",False,False,7
45.896,46.063,-1,醜くてもやっちゃうのよ,"[(1, '醜くてもやっちゃ'), (7, 'うのよ')]",False,False,7
45.729,45.896,-1,醜くてもやっちゃうのよ,"[(1, '醜くてもやっ'), (7, 'ちゃうのよ')]",False,False,7
45.596,45.729,-1,醜くてもやっちゃうのよ,"[(1, '醜くてもや'), (7, 'っちゃうのよ')]",False,False,7
45.396,45.596,-1,醜くてもやっちゃうのよ,"[(1, '醜くても'), (7, 'やっちゃうのよ')]",False,False,7
45.262,45.396,-1,醜くてもやっちゃうのよ,"[(1, '醜くて'), (7, 'もやっちゃうのよ')]",False,False,7
45.095,45.262,-1,醜くてもやっちゃうのよ,"[(1, '醜く'), (7, 'てもやっちゃうのよ')]",False,False,7
44.928,45.095,-1,醜くてもやっちゃうのよ,"[(1, '醜'), (7, 'くてもやっちゃうのよ')]",False,False,7
44.628,44.928,-1,醜くてもやっちゃうのよ,"[(1, '醜'), (7, 'くてもやっちゃうのよ')]",False,False,7
5.522,5.689,-1,醜くてもやっちゃうのよ,"[(4, '醜くてもやっちゃうのよ')]",False,False,7
5.389,5.522,-1,醜くてもやっちゃうのよ,"[(4, '醜くてもやっちゃうの'), (7, 'よ')]",False,False,7
5.222,5.389,-1,醜くてもやっちゃうのよ,"[(4, '醜くてもやっちゃう'), (7, 'のよ')]",False,False,7
5.055,5.222,-1,醜くてもやっちゃうのよ,"[(4, '醜くてもやっちゃ'), (7, 'うのよ')]",False,False,7
4.888,5.055,-1,醜くてもやっちゃうのよ,"[(4, '醜くてもやっ'), (7, 'ちゃうのよ')]",False,False,7
4.722,4.888,-1,醜くてもやっちゃうのよ,"[(4, '醜くてもや'), (7, 'っちゃうのよ')]",False,False,7
4.555,4.722,-1,醜くてもやっちゃうのよ,"[(4, '醜くても'), (7, 'やっちゃうのよ')]",False,False,7
4.421,4.555,-1,醜くてもやっちゃうのよ,"[(4, '醜くて'), (7, 'もやっちゃうのよ')]",False,False,7
4.254,4.421,-1,醜くてもやっちゃうのよ,"[(4, '醜く'), (7, 'てもやっちゃうのよ')]",False,False,7
4.054,4.254,-1,醜くてもやっちゃうのよ,"[(4, '醜'), (7, 'くてもやっちゃうのよ')]",False,False,7
3.787,4.054,-1,醜くてもやっちゃうのよ,"[(4, '醜'), (7, 'くてもやっちゃうのよ')]",False,True,7
23.707,24.041,-1,高まるビート,"[(4, '高まるビート')]",True,False,7
23.574,23.707,-1,高まるビート,"[(4, '高まるビー'), (7, 'ト')]",False,False,7
23.407,23.574,-1,高まるビート,"[(4, '高まるビ'), (7, 'ート')]",False,False,7
23.24,23.407,-1,高まるビート,"[(4, '高まる'), (7, 'ビート')]",False,False,7
23.073,23.24,-1,高まるビート,"[(4, '高ま'), (7, 'るビート')]",False,False,7
22.906,23.073,-1,高まるビート,"[(4, '高'), (7, 'まるビート')]",False,False,7
22.606,22.906,-1,高まるビート,"[(4, '高'), (7, 'まるビート')]",False,True,7
