start,end,line,unformatted,token
13.864,16.4,92,歌：negi☆u（湊あくあ、大空スバル、桃鈴ねね）,歌：negi☆u（湊あくあ、大空スバル、桃鈴ねね）
16.4,21.472,0,よくばりキュートガール/negi☆u,よくばりキュートガール/negi☆u
16.4,17.701,92,作編曲：櫻澤ヒカル(hifumiinc.),作編曲：櫻澤ヒカル(hifumiinc.)
17.701,18.936,92,作詞：まろん(iosys),作詞：まろん(iosys)
18.936,20.204,92,mix：masahirokawata,mix：masahirokawata
21.772,22.106,0,ごーれっつごー！じかんだ！,ごー
21.772,22.106,92,ゴーレッツゴー！時間だ！,ゴー
22.106,22.406,0,ごーれっつごー！じかんだ！,れっつ
22.106,22.406,92,ゴーレッツゴー！時間だ！,レッツ
22.406,22.673,0,ごーれっつごー！じかんだ！,ごー！
22.406,22.673,92,ゴーレッツゴー！時間だ！,ゴー！
22.673,22.873,0,ごーれっつごー！じかんだ！,じ
22.673,22.873,92,ゴーレッツゴー！時間だ！,時
22.873,23.04,0,ごーれっつごー！じかんだ！,か
22.873,23.04,92,ゴーレッツゴー！時間だ！,間
23.04,23.207,0,ごーれっつごー！じかんだ！,ん
23.04,23.207,92,ゴーレッツゴー！時間だ！,間
23.207,23.507,0,ごーれっつごー！じかんだ！,だ！
23.207,23.507,92,ゴーレッツゴー！時間だ！,だ！
23.507,23.64,0,まちあわせはいつものかふぇで,ま
23.507,23.64,92,待ち合わせは　いつものカフェで,待
23.64,23.841,0,まちあわせはいつものかふぇで,ち
23.64,23.841,92,待ち合わせは　いつものカフェで,ち
23.841,23.974,0,まちあわせはいつものかふぇで,あ
23.841,23.974,92,待ち合わせは　いつものカフェで,合
23.974,24.308,0,まちあわせはいつものかふぇで,わ
23.974,24.308,92,待ち合わせは　いつものカフェで,わ
24.308,24.641,0,まちあわせはいつものかふぇで,せ
24.308,24.641,92,待ち合わせは　いつものカフェで,せ
24.641,24.942,0,まちあわせはいつものかふぇで,は
24.641,24.942,92,待ち合わせは　いつものカフェで,は　
24.942,25.209,0,まちあわせはいつものかふぇで,い
24.942,25.209,92,待ち合わせは　いつものカフェで,い
25.209,25.542,0,まちあわせはいつものかふぇで,つ
25.209,25.542,92,待ち合わせは　いつものカフェで,つ
25.542,25.709,0,まちあわせはいつものかふぇで,も
25.542,25.709,92,待ち合わせは　いつものカフェで,も
25.709,26.043,0,まちあわせはいつものかふぇで,の
25.709,26.043,92,待ち合わせは　いつものカフェで,の
26.043,26.343,0,まちあわせはいつものかふぇで,か
26.043,26.343,92,待ち合わせは　いつものカフェで,カ
26.343,26.51,0,まちあわせはいつものかふぇで,ふぇ
26.343,26.51,92,待ち合わせは　いつものカフェで,フェ
26.51,26.81,0,まちあわせはいつものかふぇで,で
26.51,26.81,92,待ち合わせは　いつものカフェで,で
26.81,27.077,85,chu-chu-wachu-wa-chu-wa-chu-chu,chu-
26.81,27.077,7,chu-chu-wachu-wa-chu-wa-chu-chu,chu-
27.077,27.277,85,chu-chu-wachu-wa-chu-wa-chu-chu,chu-
27.077,27.277,7,chu-chu-wachu-wa-chu-wa-chu-chu,chu-
27.277,27.611,85,chu-chu-wachu-wa-chu-wa-chu-chu,wa
27.277,27.611,7,chu-chu-wachu-wa-chu-wa-chu-chu,wa
27.611,27.911,85,chu-chu-wachu-wa-chu-wa-chu-chu,chu-
27.611,27.911,7,chu-chu-wachu-wa-chu-wa-chu-chu,chu-
27.911,28.112,85,chu-chu-wachu-wa-chu-wa-chu-chu,wa-
27.911,28.112,7,chu-chu-wachu-wa-chu-wa-chu-chu,wa-
28.112,28.212,85,chu-chu-wachu-wa-chu-wa-chu-chu,chu-
28.112,28.212,7,chu-chu-wachu-wa-chu-wa-chu-chu,chu-
28.212,28.412,85,chu-chu-wachu-wa-chu-wa-chu-chu,wa-
28.212,28.412,7,chu-chu-wachu-wa-chu-wa-chu-chu,wa-
28.412,28.712,85,chu-chu-wachu-wa-chu-wa-chu-chu,chu-
28.412,28.712,7,chu-chu-wachu-wa-chu-wa-chu-chu,chu-
28.712,29.313,85,chu-chu-wachu-wa-chu-wa-chu-chu,chu
28.712,29.313,7,chu-chu-wachu-wa-chu-wa-chu-chu,chu
29.313,29.58,85,chu-chu-wachu-wa-chu-wa-chu-chu,chu-wachu-wa-chu-wa-chu-chu
29.313,29.58,7,chu-chu-wachu-wa-chu-wa-chu-chu,chu-wachu-wa-chu-wa-chu-chu
29.58,29.78,85,chu-chu-wachu-wa-chu-wa-chu-chu,chu-
29.58,29.78,7,chu-chu-wachu-wa-chu-wa-chu-chu,chu-
29.78,30.147,85,chu-chu-wachu-wa-chu-wa-chu-chu,wa
29.78,30.147,7,chu-chu-wachu-wa-chu-wa-chu-chu,wa
30.147,30.414,85,chu-chu-wachu-wa-chu-wa-chu-chu,chu-
30.147,30.414,7,chu-chu-wachu-wa-chu-wa-chu-chu,chu-
30.414,30.614,85,chu-chu-wachu-wa-chu-wa-chu-chu,wa-
30.414,30.614,7,chu-chu-wachu-wa-chu-wa-chu-chu,wa-
30.614,30.714,85,chu-chu-wachu-wa-chu-wa-chu-chu,chu-
30.614,30.714,7,chu-chu-wachu-wa-chu-wa-chu-chu,chu-
30.714,30.914,85,chu-chu-wachu-wa-chu-wa-chu-chu,wa-
30.714,30.914,7,chu-chu-wachu-wa-chu-wa-chu-chu,wa-
30.914,31.215,85,chu-chu-wachu-wa-chu-wa-chu-chu,chu-
30.914,31.215,7,chu-chu-wachu-wa-chu-wa-chu-chu,chu-
31.215,31.582,85,chu-chu-wachu-wa-chu-wa-chu-chu,chu
31.215,31.582,7,chu-chu-wachu-wa-chu-wa-chu-chu,chu
31.882,32.216,0,はしれ！たたんたーん,は
31.882,32.216,92,走れ！タタンターン,走
32.216,32.516,0,はしれ！たたんたーん,し
32.216,32.516,92,走れ！タタンターン,走
32.516,32.816,0,はしれ！たたんたーん,れ！
32.516,32.816,92,走れ！タタンターン,れ！
32.816,32.983,0,はしれ！たたんたーん,た
32.816,32.983,92,走れ！タタンターン,タ
32.983,33.317,0,はしれ！たたんたーん,たん
32.983,33.317,92,走れ！タタンターン,タン
33.317,33.584,0,はしれ！たたんたーん,たーん
33.317,33.584,92,走れ！タタンターン,ターン
33.584,33.751,0,しょーとかっとでrunrunかけぬけよう,しょ
33.584,33.751,92,ショートカットでrunrun駆けぬけよう,ショ
33.751,33.951,0,しょーとかっとでrunrunかけぬけよう,ー
33.751,33.951,92,ショートカットでrunrun駆けぬけよう,ー
33.951,34.084,0,しょーとかっとでrunrunかけぬけよう,と
33.951,34.084,92,ショートカットでrunrun駆けぬけよう,ト
34.084,34.418,0,しょーとかっとでrunrunかけぬけよう,かっ
34.084,34.418,92,ショートカットでrunrun駆けぬけよう,カッ
34.418,34.752,0,しょーとかっとでrunrunかけぬけよう,と
34.418,34.752,92,ショートカットでrunrun駆けぬけよう,ト
34.752,35.052,0,しょーとかっとでrunrunかけぬけよう,で
34.752,35.052,92,ショートカットでrunrun駆けぬけよう,で
35.052,35.352,0,しょーとかっとでrunrunかけぬけよう,run
35.052,35.352,92,ショートカットでrunrun駆けぬけよう,run
35.352,35.819,0,しょーとかっとでrunrunかけぬけよう,run
35.352,35.819,92,ショートカットでrunrun駆けぬけよう,run
35.819,36.32,0,しょーとかっとでrunrunかけぬけよう,か
35.819,36.32,92,ショートカットでrunrun駆けぬけよう,駆
36.32,36.453,0,しょーとかっとでrunrunかけぬけよう,け
36.32,36.453,92,ショートカットでrunrun駆けぬけよう,け
36.453,36.62,0,しょーとかっとでrunrunかけぬけよう,ぬ
36.453,36.62,92,ショートカットでrunrun駆けぬけよう,ぬ
36.62,36.82,0,しょーとかっとでrunrunかけぬけよう,け
36.62,36.82,92,ショートカットでrunrun駆けぬけよう,け
36.82,36.954,0,しょーとかっとでrunrunかけぬけよう,よ
36.82,36.954,92,ショートカットでrunrun駆けぬけよう,よ
36.887,37.154,85,chu-chu-wachu-wa-chu-wa-chu-chu,chu-
36.887,37.154,7,chu-chu-wachu-wa-chu-wa-chu-chu,chu-
36.954,38.355,0,しょーとかっとでrunrunかけぬけよう,う
36.954,38.355,92,ショートカットでrunrun駆けぬけよう,う
37.154,37.321,85,chu-chu-wachu-wa-chu-wa-chu-chu,chu-
37.154,37.321,7,chu-chu-wachu-wa-chu-wa-chu-chu,chu-
37.321,37.688,85,chu-chu-wachu-wa-chu-wa-chu-chu,wa
37.321,37.688,7,chu-chu-wachu-wa-chu-wa-chu-chu,wa
37.688,37.988,85,chu-chu-wachu-wa-chu-wa-chu-chu,chu-
37.688,37.988,7,chu-chu-wachu-wa-chu-wa-chu-chu,chu-
37.988,38.188,85,chu-chu-wachu-wa-chu-wa-chu-chu,wa-
37.988,38.188,7,chu-chu-wachu-wa-chu-wa-chu-chu,wa-
38.188,38.288,85,chu-chu-wachu-wa-chu-wa-chu-chu,chu-
38.188,38.288,7,chu-chu-wachu-wa-chu-wa-chu-chu,chu-
38.288,38.489,85,chu-chu-wachu-wa-chu-wa-chu-chu,wa-
38.288,38.489,7,chu-chu-wachu-wa-chu-wa-chu-chu,wa-
38.489,38.789,85,chu-chu-wachu-wa-chu-wa-chu-chu,chu-
38.489,38.789,7,chu-chu-wachu-wa-chu-wa-chu-chu,chu-
38.789,39.423,85,chu-chu-wachu-wa-chu-wa-chu-chu,chu
38.789,39.423,7,chu-chu-wachu-wa-chu-wa-chu-chu,chu
39.423,39.69,85,chu-chu-wachu-wa-chu-wa-chu-chu,chu-wachu-wa-chu-wa-chu-chu
39.423,39.69,7,chu-chu-wachu-wa-chu-wa-chu-chu,chu-wachu-wa-chu-wa-chu-chu
39.69,39.89,85,chu-chu-wachu-wa-chu-wa-chu-chu,chu-
39.69,39.89,7,chu-chu-wachu-wa-chu-wa-chu-chu,chu-
39.89,40.257,85,chu-chu-wachu-wa-chu-wa-chu-chu,wa
39.89,40.257,7,chu-chu-wachu-wa-chu-wa-chu-chu,wa
40.257,40.491,85,chu-chu-wachu-wa-chu-wa-chu-chu,chu-
40.257,40.491,7,chu-chu-wachu-wa-chu-wa-chu-chu,chu-
40.491,40.724,85,chu-chu-wachu-wa-chu-wa-chu-chu,wa-
40.491,40.724,7,chu-chu-wachu-wa-chu-wa-chu-chu,wa-
40.724,40.824,85,chu-chu-wachu-wa-chu-wa-chu-chu,chu-
40.724,40.824,7,chu-chu-wachu-wa-chu-wa-chu-chu,chu-
40.824,41.058,85,chu-chu-wachu-wa-chu-wa-chu-chu,wa-
40.824,41.058,7,chu-chu-wachu-wa-chu-wa-chu-chu,wa-
41.058,41.291,85,chu-chu-wachu-wa-chu-wa-chu-chu,chu-
41.058,41.291,7,chu-chu-wachu-wa-chu-wa-chu-chu,chu-
41.291,41.658,85,chu-chu-wachu-wa-chu-wa-chu-chu,chu
41.291,41.658,7,chu-chu-wachu-wa-chu-wa-chu-chu,chu
41.992,42.459,92,たまには　髪型をふわり,た
41.992,42.459,0,たまにはかみがたをふわり,た
42.459,42.626,92,たまには　髪型をふわり,ま
42.459,42.626,0,たまにはかみがたをふわり,ま
42.626,42.826,92,たまには　髪型をふわり,に
42.626,42.826,0,たまにはかみがたをふわり,に
42.826,43.894,92,たまには　髪型をふわり,は　
42.826,43.894,0,たまにはかみがたをふわり,は
43.894,44.228,92,たまには　髪型をふわり,髪
43.894,44.228,0,たまにはかみがたをふわり,か
44.228,44.528,92,たまには　髪型をふわり,髪
44.228,44.528,0,たまにはかみがたをふわり,み
44.528,44.695,92,たまには　髪型をふわり,型
44.528,44.695,0,たまにはかみがたをふわり,が
44.695,45.162,92,たまには　髪型をふわり,型
44.695,45.162,0,たまにはかみがたをふわり,た
45.162,45.329,92,たまには　髪型をふわり,を
45.162,45.329,0,たまにはかみがたをふわり,を
45.329,45.629,92,たまには　髪型をふわり,ふ
45.329,45.629,0,たまにはかみがたをふわり,ふ
45.629,45.796,92,たまには　髪型をふわり,わ
45.629,45.796,0,たまにはかみがたをふわり,わ
45.796,47.031,92,たまには　髪型をふわり,り
45.796,47.031,0,たまにはかみがたをふわり,り
47.031,47.364,0,おしゃれもーどであるこうよ,お
47.031,47.364,92,オシャレモードで　歩こうよ,オ
47.364,47.664,0,おしゃれもーどであるこうよ,しゃ
47.364,47.664,92,オシャレモードで　歩こうよ,シャ
47.664,47.998,0,おしゃれもーどであるこうよ,れ
47.664,47.998,92,オシャレモードで　歩こうよ,レ
47.998,48.298,0,おしゃれもーどであるこうよ,も
47.998,48.298,92,オシャレモードで　歩こうよ,モ
48.298,48.632,0,おしゃれもーどであるこうよ,ー
48.298,48.632,92,オシャレモードで　歩こうよ,ー
48.632,48.966,0,おしゃれもーどであるこうよ,ど
48.632,48.966,92,オシャレモードで　歩こうよ,ド
48.966,49.266,0,おしゃれもーどであるこうよ,で
48.966,49.266,92,オシャレモードで　歩こうよ,で　
49.266,49.867,0,おしゃれもーどであるこうよ,あ
49.266,49.867,92,オシャレモードで　歩こうよ,歩
49.867,50.501,0,おしゃれもーどであるこうよ,る
49.867,50.501,92,オシャレモードで　歩こうよ,歩
50.501,50.701,0,おしゃれもーどであるこうよ,こ
50.501,50.701,92,オシャレモードで　歩こうよ,こ
50.701,51.168,0,おしゃれもーどであるこうよ,う
50.701,51.168,92,オシャレモードで　歩こうよ,う
51.168,51.769,0,おしゃれもーどであるこうよ,よ
51.168,51.769,92,オシャレモードで　歩こうよ,よ
51.769,51.935,0,すくらんぶるでこけちゃって,す
51.769,51.935,92,スクランブルで　コケちゃって,ス
51.935,52.102,0,すくらんぶるでこけちゃって,く
51.935,52.102,92,スクランブルで　コケちゃって,ク
52.102,52.269,0,すくらんぶるでこけちゃって,ら
52.102,52.269,92,スクランブルで　コケちゃって,ラ
52.269,52.403,0,すくらんぶるでこけちゃって,ん
52.269,52.403,92,スクランブルで　コケちゃって,ン
52.403,52.569,0,すくらんぶるでこけちゃって,ぶ
52.403,52.569,92,スクランブルで　コケちゃって,ブ
52.569,52.703,0,すくらんぶるでこけちゃって,る
52.569,52.703,92,スクランブルで　コケちゃって,ル
52.703,52.903,0,すくらんぶるでこけちゃって,で
52.703,52.903,92,スクランブルで　コケちゃって,で　
52.903,53.203,0,すくらんぶるでこけちゃって,こ
52.903,53.203,92,スクランブルで　コケちゃって,コ
53.203,53.337,0,すくらんぶるでこけちゃって,け
53.203,53.337,92,スクランブルで　コケちゃって,ケ
53.337,53.504,0,すくらんぶるでこけちゃって,ちゃ
53.337,53.504,92,スクランブルで　コケちゃって,ちゃ
53.504,53.67,0,すくらんぶるでこけちゃって,っ
53.504,53.67,92,スクランブルで　コケちゃって,っ
53.67,54.304,0,すくらんぶるでこけちゃって,て
53.67,54.304,92,スクランブルで　コケちゃって,て
54.304,54.471,0,ちゅうもくあびてごめんって,ちゅ
54.304,54.471,92,注目浴びて　ゴメンって,注
54.471,54.638,0,ちゅうもくあびてごめんって,う
54.471,54.638,92,注目浴びて　ゴメンって,注
54.638,54.772,0,ちゅうもくあびてごめんって,も
54.638,54.772,92,注目浴びて　ゴメンって,目
54.772,54.938,0,ちゅうもくあびてごめんって,く
54.772,54.938,92,注目浴びて　ゴメンって,目
54.938,55.105,0,ちゅうもくあびてごめんって,あ
54.938,55.105,92,注目浴びて　ゴメンって,浴
55.105,55.239,0,ちゅうもくあびてごめんって,び
55.105,55.239,92,注目浴びて　ゴメンって,び
55.239,55.406,0,ちゅうもくあびてごめんって,て
55.239,55.406,92,注目浴びて　ゴメンって,て　
55.406,55.706,0,ちゅうもくあびてごめんって,ご
55.406,55.706,92,注目浴びて　ゴメンって,ゴ
55.706,55.873,0,ちゅうもくあびてごめんって,め
55.706,55.873,92,注目浴びて　ゴメンって,メ
55.873,56.206,0,ちゅうもくあびてごめんって,ん
55.873,56.206,92,注目浴びて　ゴメンって,ン
56.206,56.507,0,ちゅうもくあびてごめんって,って
56.206,56.507,92,注目浴びて　ゴメンって,って
56.507,56.673,0,わらってもう！すぐとらないで,わ
56.507,56.673,92,笑ってもう！　すぐ撮らないで,笑
56.673,56.84,0,わらってもう！すぐとらないで,ら
56.673,56.84,92,笑ってもう！　すぐ撮らないで,笑
56.84,57.307,0,わらってもう！すぐとらないで,っ
56.84,57.307,92,笑ってもう！　すぐ撮らないで,っ
57.307,57.775,0,わらってもう！すぐとらないで,て
57.307,57.775,92,笑ってもう！　すぐ撮らないで,て
57.775,57.975,0,わらってもう！すぐとらないで,も
57.775,57.975,92,笑ってもう！　すぐ撮らないで,も
57.775,57.941,85,（もう！）,（も
57.775,57.941,7,（もう！）,（も
57.941,58.442,85,（もう！）,う！）
57.941,58.442,7,（もう！）,う！）
57.975,58.442,0,わらってもう！すぐとらないで,う！
57.975,58.442,92,笑ってもう！　すぐ撮らないで,う！　
58.442,58.709,0,わらってもう！すぐとらないで,す
58.442,58.709,92,笑ってもう！　すぐ撮らないで,す
58.709,59.043,0,わらってもう！すぐとらないで,ぐ
58.709,59.043,92,笑ってもう！　すぐ撮らないで,ぐ
59.043,59.343,0,わらってもう！すぐとらないで,と
59.043,59.343,92,笑ってもう！　すぐ撮らないで,撮
59.343,59.843,0,わらってもう！すぐとらないで,ら
59.343,59.843,92,笑ってもう！　すぐ撮らないで,ら
59.843,60.277,0,わらってもう！すぐとらないで,な
59.843,60.277,92,笑ってもう！　すぐ撮らないで,な
60.277,60.611,0,わらってもう！すぐとらないで,い
60.277,60.611,92,笑ってもう！　すぐ撮らないで,い
60.611,61.879,0,わらってもう！すぐとらないで,で
60.611,61.879,92,笑ってもう！　すぐ撮らないで,で
64.415,64.548,0,たのしい！,た
64.415,64.548,92,楽しい！,楽
64.548,64.715,0,たのしい！,の
64.548,64.715,92,楽しい！,楽
64.715,64.848,0,たのしい！,し
64.715,64.848,92,楽しい！,し
64.848,65.015,0,たのしい！,い！
64.848,65.015,92,楽しい！,い！
65.015,65.149,7,（たのしい！）,（た
65.015,65.149,85,（楽しい！）,（楽
65.149,65.315,7,（たのしい！）,の
65.149,65.315,85,（楽しい！）,（楽
65.315,65.449,7,（たのしい！）,し
65.315,65.449,85,（楽しい！）,し
65.449,65.649,7,（たのしい！）,い！）
65.449,65.649,85,（楽しい！）,い！）
65.649,65.816,0,おいしい！,お
65.649,65.816,92,美味しい！,美
65.816,65.983,0,おいしい！,い
65.816,65.983,92,美味しい！,味
65.983,66.116,0,おいしい！,し
65.983,66.116,92,美味しい！,し
66.116,66.316,0,おいしい！,い！
66.116,66.316,92,美味しい！,い！
66.316,66.483,7,（おいしい！）,（お
66.316,66.483,85,（美味しい！）,（美
66.483,66.65,7,（おいしい！）,い
66.483,66.65,85,（美味しい！）,味
66.65,66.784,7,（おいしい！）,し
66.65,66.784,85,（美味しい！）,し
66.784,66.917,7,（おいしい！）,い！）
66.784,66.917,85,（美味しい！）,い！）
66.917,67.251,0,なんでもしぇあはぴ,な
66.917,67.251,92,なんでもシェアハピ,な
67.251,67.551,0,なんでもしぇあはぴ,ん
67.251,67.551,92,なんでもシェアハピ,ん
67.551,67.885,0,なんでもしぇあはぴ,で
67.551,67.885,92,なんでもシェアハピ,で
67.885,68.185,0,なんでもしぇあはぴ,も
67.885,68.185,92,なんでもシェアハピ,も
68.185,68.352,0,なんでもしぇあはぴ,しぇ
68.185,68.352,92,なんでもシェアハピ,シェ
68.352,68.485,0,なんでもしぇあはぴ,あ
68.352,68.485,92,なんでもシェアハピ,ア
68.485,68.652,0,なんでもしぇあはぴ,は
68.485,68.652,92,なんでもシェアハピ,ハ
68.652,69.453,0,なんでもしぇあはぴ,ぴ
68.652,69.453,92,なんでもシェアハピ,ピ
68.786,69.086,7,（はっぴー！）,（はっ
68.786,69.086,85,（ハッピー！）,（ハッ
69.086,69.453,7,（はっぴー！）,ぴー！）
69.086,69.453,85,（ハッピー！）,ピー！）
69.453,69.62,0,きみと！,き
69.453,69.62,92,キミと！,キ
69.62,69.787,0,きみと！,み
69.62,69.787,92,キミと！,ミ
69.787,70.087,0,きみと！,と！
69.787,70.087,92,キミと！,と！
70.087,70.22,7,（きみと！）,（き
70.087,70.22,85,（キミと！）,（キ
70.22,70.387,7,（きみと！）,み
70.22,70.387,85,（キミと！）,ミ
70.387,70.721,7,（きみと！）,と！）
70.387,70.721,85,（キミと！）,と！）
70.721,70.854,0,きみと！,き
70.721,70.854,92,キミと！,キ
70.854,71.021,0,きみと！,み
70.854,71.021,92,キミと！,ミ
71.021,71.355,0,きみと！,と！
71.021,71.355,92,キミと！,と！
71.355,71.488,7,（きみと！）,（き
71.355,71.488,85,（キミと！）,（キ
71.488,71.622,7,（きみと！）,み
71.488,71.622,85,（キミと！）,ミ
71.622,71.955,7,（きみと！）,と！）
71.622,71.955,85,（キミと！）,と！）
71.955,72.289,0,ゆめみたい,ゆ
71.955,72.289,92,夢みたい,夢
72.289,72.489,0,ゆめみたい,め
72.289,72.489,92,夢みたい,夢
72.489,72.756,0,ゆめみたい,み
72.489,72.756,92,夢みたい,み
72.756,72.923,0,ゆめみたい,た
72.756,72.923,92,夢みたい,た
72.923,73.257,0,ゆめみたい,い
72.923,73.257,92,夢みたい,い
73.257,73.424,0,おとしごろ,お
73.257,73.424,92,お年頃,お
73.257,73.424,7,（おとしごろ♪）,（お
73.257,73.424,85,（お年頃♪）,（お
73.424,73.59,0,おとしごろ,と
73.424,73.59,92,お年頃,年
73.424,73.59,7,（おとしごろ♪）,と
73.424,73.59,85,（お年頃♪）,年
73.59,73.724,0,おとしごろ,し
73.59,73.724,92,お年頃,年
73.59,73.724,7,（おとしごろ♪）,し
73.59,73.724,85,（お年頃♪）,年
73.724,73.924,0,おとしごろ,ご
73.724,74.525,92,お年頃,頃
73.724,73.924,7,（おとしごろ♪）,ご
73.724,74.525,85,（お年頃♪）,頃♪）
73.924,74.525,0,おとしごろ,ろ
73.924,74.525,7,（おとしごろ♪）,ろ♪）
74.525,74.691,0,わくわくしちゃおどきどきしちゃお,わ
74.525,74.691,92,ワクワクしちゃお　ドキドキしちゃお,ワ
74.691,74.825,0,わくわくしちゃおどきどきしちゃお,く
74.691,74.825,92,ワクワクしちゃお　ドキドキしちゃお,ク
74.825,74.992,0,わくわくしちゃおどきどきしちゃお,わ
74.825,74.992,92,ワクワクしちゃお　ドキドキしちゃお,ワ
74.992,75.159,0,わくわくしちゃおどきどきしちゃお,く
74.992,75.159,92,ワクワクしちゃお　ドキドキしちゃお,ク
75.159,75.325,0,わくわくしちゃおどきどきしちゃお,し
75.159,75.325,92,ワクワクしちゃお　ドキドキしちゃお,し
75.325,75.492,0,わくわくしちゃおどきどきしちゃお,ちゃ
75.325,75.492,92,ワクワクしちゃお　ドキドキしちゃお,ちゃ
75.492,75.793,0,わくわくしちゃおどきどきしちゃお,お
75.492,75.793,92,ワクワクしちゃお　ドキドキしちゃお,お　
75.793,75.926,0,わくわくしちゃおどきどきしちゃお,ど
75.793,75.926,92,ワクワクしちゃお　ドキドキしちゃお,ド
75.926,76.093,0,わくわくしちゃおどきどきしちゃお,き
75.926,76.093,92,ワクワクしちゃお　ドキドキしちゃお,キ
76.093,76.26,0,わくわくしちゃおどきどきしちゃお,ど
76.093,76.26,92,ワクワクしちゃお　ドキドキしちゃお,ド
76.26,76.427,0,わくわくしちゃおどきどきしちゃお,き
76.26,76.427,92,ワクワクしちゃお　ドキドキしちゃお,キ
76.427,76.56,0,わくわくしちゃおどきどきしちゃお,し
76.427,76.56,92,ワクワクしちゃお　ドキドキしちゃお,し
76.56,76.727,0,わくわくしちゃおどきどきしちゃお,ちゃ
76.56,76.727,92,ワクワクしちゃお　ドキドキしちゃお,ちゃ
76.727,77.027,0,わくわくしちゃおどきどきしちゃお,お
76.727,77.027,92,ワクワクしちゃお　ドキドキしちゃお,お
77.027,77.227,0,すちゃらかもーどで,す
77.027,77.227,92,スチャラカモードで,ス
77.227,77.361,0,すちゃらかもーどで,ちゃ
77.227,77.361,92,スチャラカモードで,チャ
77.361,77.528,0,すちゃらかもーどで,ら
77.361,77.528,92,スチャラカモードで,ラ
77.528,77.694,0,すちゃらかもーどで,か
77.528,77.694,92,スチャラカモードで,カ
77.694,77.861,0,すちゃらかもーどで,も
77.694,77.861,92,スチャラカモードで,モ
77.861,78.162,0,すちゃらかもーどで,ー
77.861,78.162,92,スチャラカモードで,ー
78.162,78.462,0,すちゃらかもーどで,ど
78.162,78.462,92,スチャラカモードで,ド
78.462,79.596,0,すちゃらかもーどで,で
78.462,79.596,92,スチャラカモードで,で
78.762,79.063,7,（いぇいいぇい！）,（いぇい
78.762,79.063,85,（イェイイェイ！）,（イェイ
79.063,79.596,7,（いぇいいぇい！）,いぇい！）
79.063,79.596,85,（イェイイェイ！）,イェイ！）
79.596,79.897,92,よくばりなんです,よ
79.596,79.897,0,よくばりなんです,よ
79.897,80.197,92,よくばりなんです,く
79.897,80.197,0,よくばりなんです,く
80.197,80.497,92,よくばりなんです,ば
80.197,80.497,0,よくばりなんです,ば
80.497,80.831,92,よくばりなんです,り
80.497,80.831,0,よくばりなんです,り
80.831,81.031,92,よくばりなんです,な
80.831,81.031,0,よくばりなんです,な
81.031,81.131,92,よくばりなんです,ん
81.031,81.131,0,よくばりなんです,ん
81.131,81.331,92,よくばりなんです,で
81.131,81.331,0,よくばりなんです,で
81.331,81.598,92,よくばりなんです,す
81.331,81.598,0,よくばりなんです,す
81.598,81.765,0,あざとくぱしゃり,あ
81.598,81.765,92,あざとくパシャり,あ
81.765,81.899,0,あざとくぱしゃり,ざ
81.765,81.899,92,あざとくパシャり,ざ
81.899,82.232,0,あざとくぱしゃり,と
81.899,82.232,92,あざとくパシャり,と
82.232,82.399,0,あざとくぱしゃり,く
82.232,82.399,92,あざとくパシャり,く
82.399,82.533,0,あざとくぱしゃり,ぱ
82.399,82.533,92,あざとくパシャり,パ
82.533,82.699,0,あざとくぱしゃり,しゃ
82.533,82.699,92,あざとくパシャり,シャ
82.699,83.167,0,あざとくぱしゃり,り
82.699,83.167,92,あざとくパシャり,り
83.167,83.333,0,きゅーとなえぶりでい,きゅ
83.167,83.333,92,キュートなエブリデイ,キュ
83.333,83.5,0,きゅーとなえぶりでい,ー
83.333,83.5,92,キュートなエブリデイ,ー
83.5,83.667,0,きゅーとなえぶりでい,と
83.5,83.667,92,キュートなエブリデイ,ト
83.667,83.834,0,きゅーとなえぶりでい,な
83.667,83.834,92,キュートなエブリデイ,な
83.834,84.134,0,きゅーとなえぶりでい,え
83.834,84.134,92,キュートなエブリデイ,エ
84.134,84.301,0,きゅーとなえぶりでい,ぶ
84.134,84.301,92,キュートなエブリデイ,ブ
84.301,84.468,0,きゅーとなえぶりでい,り
84.301,84.468,92,キュートなエブリデイ,リ
84.468,84.635,0,きゅーとなえぶりでい,で
84.468,84.635,92,キュートなエブリデイ,デ
84.635,84.835,0,きゅーとなえぶりでい,い
84.635,84.835,92,キュートなエブリデイ,イ
87.304,87.471,0,でたわね！おにゅーのあいす,で
87.304,87.471,92,出たわね！おニューのアイス,出
87.471,87.671,0,でたわね！おにゅーのあいす,た
87.471,87.671,92,出たわね！おニューのアイス,た
87.671,87.771,0,でたわね！おにゅーのあいす,わ
87.671,87.771,92,出たわね！おニューのアイス,わ
87.771,88.372,0,でたわね！おにゅーのあいす,ね！
87.771,88.372,92,出たわね！おニューのアイス,ね！
88.372,88.605,0,でたわね！おにゅーのあいす,お
88.372,88.605,92,出たわね！おニューのアイス,お
88.605,88.739,0,でたわね！おにゅーのあいす,にゅ
88.605,88.739,92,出たわね！おニューのアイス,ニュ
88.739,88.872,0,でたわね！おにゅーのあいす,ー
88.739,88.872,92,出たわね！おニューのアイス,ー
88.872,89.039,0,でたわね！おにゅーのあいす,の
88.872,89.039,92,出たわね！おニューのアイス,の
89.039,89.139,0,でたわね！おにゅーのあいす,あ
89.039,89.139,92,出たわね！おニューのアイス,ア
89.139,89.339,0,でたわね！おにゅーのあいす,い
89.139,89.339,92,出たわね！おニューのアイス,イ
89.339,89.84,0,でたわね！おにゅーのあいす,す
89.339,89.84,92,出たわね！おニューのアイス,ス
89.84,90.007,0,ゆこうよ！hurry！hurry！,ゆ
89.84,90.007,92,行こうよ！hurry！hurry！,行
90.007,90.207,0,ゆこうよ！hurry！hurry！,こ
90.007,90.207,92,行こうよ！hurry！hurry！,こ
90.207,90.307,0,ゆこうよ！hurry！hurry！,う
90.207,90.307,92,行こうよ！hurry！hurry！,う
90.307,90.908,0,ゆこうよ！hurry！hurry！,よ！
90.307,90.908,92,行こうよ！hurry！hurry！,よ！
90.908,91.141,0,ゆこうよ！hurry！hurry！,hur
90.908,91.141,92,行こうよ！hurry！hurry！,hur
90.908,91.141,85,（hurry！hurry！）,（hur
90.908,91.141,7,（hurry！hurry！）,（hur
91.141,91.575,0,ゆこうよ！hurry！hurry！,ry！
91.141,91.575,92,行こうよ！hurry！hurry！,ry！
91.141,91.575,85,（hurry！hurry！）,ry！
91.141,91.575,7,（hurry！hurry！）,ry！
91.575,91.775,0,ゆこうよ！hurry！hurry！,hur
91.575,91.775,92,行こうよ！hurry！hurry！,hur
91.575,91.775,85,（hurry！hurry！）,hur
91.575,91.775,7,（hurry！hurry！）,hur
91.775,92.376,0,ゆこうよ！hurry！hurry！,ry！
91.775,92.376,92,行こうよ！hurry！hurry！,ry！
91.775,92.376,85,（hurry！hurry！）,ry！）
91.775,92.376,7,（hurry！hurry！）,ry！）
92.376,92.476,0,どれどれ！まよっちゃう,ど
92.376,92.476,92,どれどれ！迷っちゃう,ど
92.476,92.676,0,どれどれ！まよっちゃう,れ
92.476,92.676,92,どれどれ！迷っちゃう,れ
92.676,92.81,0,どれどれ！まよっちゃう,ど
92.676,92.81,92,どれどれ！迷っちゃう,ど
92.81,93.41,0,どれどれ！まよっちゃう,れ！
92.81,93.41,92,どれどれ！迷っちゃう,れ！
93.41,93.677,0,どれどれ！まよっちゃう,まよ
93.41,93.677,92,どれどれ！迷っちゃう,迷
93.677,93.944,0,どれどれ！まよっちゃう,っ
93.677,93.944,92,どれどれ！迷っちゃう,っ
93.944,94.111,0,どれどれ！まよっちゃう,ちゃ
93.944,94.111,92,どれどれ！迷っちゃう,ちゃ
94.111,94.545,0,どれどれ！まよっちゃう,う
94.111,94.545,92,どれどれ！迷っちゃう,う
94.545,94.711,0,やっぱいつものぱんけーき,や
94.545,94.711,92,やっぱいつものパンケーキ,や
94.711,94.878,0,やっぱいつものぱんけーき,っ
94.711,94.878,92,やっぱいつものパンケーキ,っ
94.878,95.012,0,やっぱいつものぱんけーき,ぱ
94.878,95.012,92,やっぱいつものパンケーキ,ぱ
95.012,95.212,0,やっぱいつものぱんけーき,い
95.012,95.212,92,やっぱいつものパンケーキ,い
95.212,95.345,0,やっぱいつものぱんけーき,つ
95.212,95.345,92,やっぱいつものパンケーキ,つ
95.345,95.646,0,やっぱいつものぱんけーき,も
95.345,95.646,92,やっぱいつものパンケーキ,も
95.646,95.979,0,やっぱいつものぱんけーき,の
95.646,95.979,92,やっぱいつものパンケーキ,の
95.979,96.113,0,やっぱいつものぱんけーき,ぱ
95.979,96.113,92,やっぱいつものパンケーキ,パ
95.979,96.146,7,（ぱんけーき）,（ぱ
95.979,96.146,85,（パンケーキ）,（パ
96.113,96.28,0,やっぱいつものぱんけーき,ん
96.113,96.28,92,やっぱいつものパンケーキ,ン
96.146,96.28,7,（ぱんけーき）,ん
96.146,96.28,85,（パンケーキ）,ン
96.28,96.447,0,やっぱいつものぱんけーき,け
96.28,96.447,92,やっぱいつものパンケーキ,ケ
96.28,96.447,7,（ぱんけーき）,け
96.28,96.447,85,（パンケーキ）,ケ
96.447,96.613,0,やっぱいつものぱんけーき,ー
96.447,96.613,92,やっぱいつものパンケーキ,ー
96.447,96.613,7,（ぱんけーき）,ー
96.447,96.613,85,（パンケーキ）,ー
96.613,97.247,0,やっぱいつものぱんけーき,き
96.613,97.247,92,やっぱいつものパンケーキ,キ
96.613,97.247,7,（ぱんけーき）,き）
96.613,97.247,85,（パンケーキ）,キ）
97.581,98.082,0,みつけたしあわせのかけら,み
97.581,98.082,92,見つけた　シアワセのカケラ,見
98.082,98.215,0,みつけたしあわせのかけら,つ
98.082,98.215,92,見つけた　シアワセのカケラ,つ
98.215,98.382,0,みつけたしあわせのかけら,け
98.215,98.382,92,見つけた　シアワセのカケラ,け
98.382,99.516,0,みつけたしあわせのかけら,た
98.382,99.516,92,見つけた　シアワセのカケラ,た　
99.516,99.783,0,みつけたしあわせのかけら,し
99.516,99.783,92,見つけた　シアワセのカケラ,シ
99.783,100.117,0,みつけたしあわせのかけら,あ
99.783,100.117,92,見つけた　シアワセのカケラ,ア
100.117,100.284,0,みつけたしあわせのかけら,わ
100.117,100.284,92,見つけた　シアワセのカケラ,ワ
100.284,100.751,0,みつけたしあわせのかけら,せ
100.284,100.751,92,見つけた　シアワセのカケラ,セ
100.751,100.918,0,みつけたしあわせのかけら,の
100.751,100.918,92,見つけた　シアワセのカケラ,の
100.918,101.251,0,みつけたしあわせのかけら,か
100.918,101.251,92,見つけた　シアワセのカケラ,カ
101.251,101.385,0,みつけたしあわせのかけら,け
101.251,101.385,92,見つけた　シアワセのカケラ,ケ
101.385,102.619,0,みつけたしあわせのかけら,ら
101.385,102.619,92,見つけた　シアワセのカケラ,ラ
102.619,102.953,0,がらすぼとるつめこむの,が
102.619,102.953,92,ガラスボトル　詰め込むの,ガ
102.953,103.287,0,がらすぼとるつめこむの,ら
102.953,103.287,92,ガラスボトル　詰め込むの,ラ
103.287,103.587,0,がらすぼとるつめこむの,す
103.287,103.587,92,ガラスボトル　詰め込むの,ス
103.587,103.921,0,がらすぼとるつめこむの,ぼ
103.587,103.921,92,ガラスボトル　詰め込むの,ボ
103.921,104.221,0,がらすぼとるつめこむの,と
103.921,104.221,92,ガラスボトル　詰め込むの,ト
104.221,104.555,0,がらすぼとるつめこむの,る
104.221,104.555,92,ガラスボトル　詰め込むの,ル　
104.555,104.855,0,がらすぼとるつめこむの,つ
104.555,104.855,92,ガラスボトル　詰め込むの,詰
104.855,105.456,0,がらすぼとるつめこむの,め
104.855,105.456,92,ガラスボトル　詰め込むの,め
105.456,106.09,0,がらすぼとるつめこむの,こ
105.456,106.09,92,ガラスボトル　詰め込むの,込
106.09,106.757,0,がらすぼとるつめこむの,む
106.09,106.757,92,ガラスボトル　詰め込むの,む
106.757,107.357,0,がらすぼとるつめこむの,の
106.757,107.357,92,ガラスボトル　詰め込むの,の
107.357,107.524,0,あおぞらてらすきらきら,あ
107.357,107.524,92,青空テラス　キラキラ,青
107.524,107.691,0,あおぞらてらすきらきら,お
107.524,107.691,92,青空テラス　キラキラ,青
107.691,107.825,0,あおぞらてらすきらきら,ぞ
107.691,107.825,92,青空テラス　キラキラ,空
107.825,107.991,0,あおぞらてらすきらきら,ら
107.825,107.991,92,青空テラス　キラキラ,空
107.991,108.158,0,あおぞらてらすきらきら,て
107.991,108.158,92,青空テラス　キラキラ,テ
108.158,108.325,0,あおぞらてらすきらきら,ら
108.158,108.325,92,青空テラス　キラキラ,ラ
108.325,108.492,0,あおぞらてらすきらきら,す
108.325,108.492,92,青空テラス　キラキラ,ス　
108.492,108.792,0,あおぞらてらすきらきら,き
108.492,108.792,92,青空テラス　キラキラ,キ
108.792,108.926,0,あおぞらてらすきらきら,ら
108.792,108.926,92,青空テラス　キラキラ,ラ
108.926,109.259,0,あおぞらてらすきらきら,き
108.926,109.259,92,青空テラス　キラキラ,キ
109.259,109.893,0,あおぞらてらすきらきら,ら
109.259,109.893,92,青空テラス　キラキラ,ラ
109.893,110.06,0,たのしみたいのまだまだ,た
109.893,110.06,92,楽しみたいの　まだまだ,楽
110.06,110.227,0,たのしみたいのまだまだ,の
110.06,110.227,92,楽しみたいの　まだまだ,楽
110.227,110.36,0,たのしみたいのまだまだ,し
110.227,110.36,92,楽しみたいの　まだまだ,し
110.36,110.527,0,たのしみたいのまだまだ,み
110.36,110.527,92,楽しみたいの　まだまだ,み
110.527,110.694,0,たのしみたいのまだまだ,た
110.527,110.694,92,楽しみたいの　まだまだ,た
110.694,110.828,0,たのしみたいのまだまだ,い
110.694,110.828,92,楽しみたいの　まだまだ,い
110.828,110.994,0,たのしみたいのまだまだ,の
110.828,110.994,92,楽しみたいの　まだまだ,の　
110.994,111.328,0,たのしみたいのまだまだ,ま
110.994,111.328,92,楽しみたいの　まだまだ,ま
111.328,111.462,0,たのしみたいのまだまだ,だ
111.328,111.462,92,楽しみたいの　まだまだ,だ
111.462,111.795,0,たのしみたいのまだまだ,ま
111.462,111.795,92,楽しみたいの　まだまだ,ま
111.795,112.062,0,たのしみたいのまだまだ,だ
111.795,112.062,92,楽しみたいの　まだまだ,だ
112.062,112.229,0,みえるかな？,み
112.062,112.229,92,見えるかな？,見
112.229,112.429,0,みえるかな？,え
112.229,112.429,92,見えるかな？,え
112.429,112.896,0,みえるかな？,る
112.429,112.896,92,見えるかな？,る
112.896,113.33,0,みえるかな？,か
112.896,113.33,92,見えるかな？,か
113.33,113.997,0,みえるかな？,な？
113.33,113.997,92,見えるかな？,な？
113.997,114.331,0,すてきなれいんぼーすかい,す
113.997,114.331,92,素敵なレインボースカイ,素
114.331,114.665,0,すてきなれいんぼーすかい,て
114.331,114.665,92,素敵なレインボースカイ,敵
114.665,114.932,0,すてきなれいんぼーすかい,き
114.665,114.932,92,素敵なレインボースカイ,敵
114.932,116.533,0,すてきなれいんぼーすかい,な
114.932,116.533,92,素敵なレインボースカイ,な
116.533,116.633,0,すてきなれいんぼーすかい,れ
116.533,116.633,92,素敵なレインボースカイ,レ
116.633,116.733,0,すてきなれいんぼーすかい,い
116.633,116.733,92,素敵なレインボースカイ,イ
116.733,116.834,0,すてきなれいんぼーすかい,ん
116.733,116.834,92,素敵なレインボースカイ,ン
116.834,117.101,0,すてきなれいんぼーすかい,ぼ
116.834,117.101,92,素敵なレインボースカイ,ボ
117.101,117.367,0,すてきなれいんぼーすかい,ー
117.101,117.367,92,素敵なレインボースカイ,ー
117.367,117.501,0,すてきなれいんぼーすかい,す
117.367,117.501,92,素敵なレインボースカイ,ス
117.501,119.736,0,すてきなれいんぼーすかい,か
117.501,119.736,92,素敵なレインボースカイ,カ
119.736,119.97,0,すてきなれいんぼーすかい,い
119.736,119.97,92,素敵なレインボースカイ,イ
120.137,120.304,0,「さぁ〜〜きょうはたくさんかいものするぞ〜」,「さ
120.137,120.304,92,「さぁ〜〜今日はたくさん買い物するぞ〜」,「さ
120.304,120.838,0,「さぁ〜〜きょうはたくさんかいものするぞ〜」,ぁ〜〜
120.304,120.838,92,「さぁ〜〜今日はたくさん買い物するぞ〜」,ぁ〜〜
120.838,120.938,0,「さぁ〜〜きょうはたくさんかいものするぞ〜」,きょ
120.838,120.938,92,「さぁ〜〜今日はたくさん買い物するぞ〜」,今
120.938,121.071,0,「さぁ〜〜きょうはたくさんかいものするぞ〜」,う
120.938,121.071,92,「さぁ〜〜今日はたくさん買い物するぞ〜」,日
121.071,121.205,0,「さぁ〜〜きょうはたくさんかいものするぞ〜」,は
121.071,121.205,92,「さぁ〜〜今日はたくさん買い物するぞ〜」,は
121.205,121.305,0,「さぁ〜〜きょうはたくさんかいものするぞ〜」,た
121.205,121.305,92,「さぁ〜〜今日はたくさん買い物するぞ〜」,た
121.305,121.405,0,「さぁ〜〜きょうはたくさんかいものするぞ〜」,く
121.305,121.405,92,「さぁ〜〜今日はたくさん買い物するぞ〜」,く
121.405,121.538,0,「さぁ〜〜きょうはたくさんかいものするぞ〜」,さ
121.405,121.538,92,「さぁ〜〜今日はたくさん買い物するぞ〜」,さ
121.538,121.672,0,「さぁ〜〜きょうはたくさんかいものするぞ〜」,ん
121.538,121.672,92,「さぁ〜〜今日はたくさん買い物するぞ〜」,ん
121.672,121.772,0,「さぁ〜〜きょうはたくさんかいものするぞ〜」,か
121.672,121.772,92,「さぁ〜〜今日はたくさん買い物するぞ〜」,買
121.772,121.905,0,「さぁ〜〜きょうはたくさんかいものするぞ〜」,い
121.772,121.905,92,「さぁ〜〜今日はたくさん買い物するぞ〜」,い
121.905,122.005,0,「さぁ〜〜きょうはたくさんかいものするぞ〜」,も
121.905,122.005,92,「さぁ〜〜今日はたくさん買い物するぞ〜」,物
122.005,122.172,0,「さぁ〜〜きょうはたくさんかいものするぞ〜」,の
122.005,122.172,92,「さぁ〜〜今日はたくさん買い物するぞ〜」,物
122.172,122.306,0,「さぁ〜〜きょうはたくさんかいものするぞ〜」,す
122.172,122.306,92,「さぁ〜〜今日はたくさん買い物するぞ〜」,す
122.306,122.372,0,「さぁ〜〜きょうはたくさんかいものするぞ〜」,る
122.306,122.372,92,「さぁ〜〜今日はたくさん買い物するぞ〜」,る
122.372,122.873,0,「さぁ〜〜きょうはたくさんかいものするぞ〜」,ぞ〜」
122.372,122.873,92,「さぁ〜〜今日はたくさん買い物するぞ〜」,ぞ〜」
122.873,123.006,0,「へへwまってくださいよ〜スバルせんぱい〜」,「へ
122.873,123.006,92,「へへw待ってくださいよ〜スバル先輩〜」,「へ
123.006,123.173,0,「へへwまってくださいよ〜スバルせんぱい〜」,へw
123.006,123.173,92,「へへw待ってくださいよ〜スバル先輩〜」,へw
123.173,123.307,0,「へへwまってくださいよ〜スバルせんぱい〜」,ま
123.173,123.307,92,「へへw待ってくださいよ〜スバル先輩〜」,待
123.307,123.373,0,「へへwまってくださいよ〜スバルせんぱい〜」,っ
123.307,123.373,92,「へへw待ってくださいよ〜スバル先輩〜」,っ
123.373,123.474,0,「へへwまってくださいよ〜スバルせんぱい〜」,て
123.373,123.474,92,「へへw待ってくださいよ〜スバル先輩〜」,て
123.474,123.607,0,「へへwまってくださいよ〜スバルせんぱい〜」,く
123.474,123.607,92,「へへw待ってくださいよ〜スバル先輩〜」,く
123.607,123.74,0,「へへwまってくださいよ〜スバルせんぱい〜」,だ
123.607,123.74,92,「へへw待ってくださいよ〜スバル先輩〜」,だ
123.74,123.841,0,「へへwまってくださいよ〜スバルせんぱい〜」,さ
123.74,123.841,92,「へへw待ってくださいよ〜スバル先輩〜」,さ
123.841,123.907,0,「へへwまってくださいよ〜スバルせんぱい〜」,い
123.841,123.907,92,「へへw待ってくださいよ〜スバル先輩〜」,い
123.907,124.108,0,「へへwまってくださいよ〜スバルせんぱい〜」,よ〜
123.907,124.108,92,「へへw待ってくださいよ〜スバル先輩〜」,よ〜
124.108,124.174,0,「へへwまってくださいよ〜スバルせんぱい〜」,ス
124.108,124.174,92,「へへw待ってくださいよ〜スバル先輩〜」,ス
124.174,124.274,0,「へへwまってくださいよ〜スバルせんぱい〜」,バ
124.174,124.274,92,「へへw待ってくださいよ〜スバル先輩〜」,バ
124.274,124.374,0,「へへwまってくださいよ〜スバルせんぱい〜」,ル
124.274,124.374,92,「へへw待ってくださいよ〜スバル先輩〜」,ル
124.374,124.441,0,「へへwまってくださいよ〜スバルせんぱい〜」,せ
124.374,124.441,92,「へへw待ってくださいよ〜スバル先輩〜」,先
124.441,124.575,0,「へへwまってくださいよ〜スバルせんぱい〜」,ん
124.441,124.575,92,「へへw待ってくださいよ〜スバル先輩〜」,先
124.575,124.708,0,「へへwまってくださいよ〜スバルせんぱい〜」,ぱ
124.575,124.775,92,「へへw待ってくださいよ〜スバル先輩〜」,輩〜」
124.708,124.775,0,「へへwまってくださいよ〜スバルせんぱい〜」,い〜」
124.775,125.209,0,「わ、このふく、かわいい・・・」,「わ、
124.775,125.209,92,「わ、この服、可愛い・・・」,「わ、
125.209,125.375,0,「わ、このふく、かわいい・・・」,こ
125.209,125.375,92,「わ、この服、可愛い・・・」,こ
125.375,125.509,0,「わ、このふく、かわいい・・・」,の
125.375,125.509,92,「わ、この服、可愛い・・・」,の
125.509,125.642,0,「わ、このふく、かわいい・・・」,ふ
125.509,125.642,92,「わ、この服、可愛い・・・」,服、
125.642,125.776,0,「わ、このふく、かわいい・・・」,く、
125.642,125.776,92,「わ、この服、可愛い・・・」,服、
125.776,125.943,0,「わ、このふく、かわいい・・・」,か
125.776,125.943,92,「わ、この服、可愛い・・・」,可
125.943,126.043,0,「わ、このふく、かわいい・・・」,わ
125.943,126.043,92,「わ、この服、可愛い・・・」,愛
126.043,126.11,0,「わ、このふく、かわいい・・・」,い
126.043,126.11,92,「わ、この服、可愛い・・・」,愛
126.11,126.176,0,「わ、このふく、かわいい・・・」,い・・・」
126.11,126.176,92,「わ、この服、可愛い・・・」,い・・・」
126.176,126.343,0,「おじゃましますよっ！」,「お
126.176,126.343,92,「お邪魔しますよっ！」,「お
126.343,126.443,0,「おじゃましますよっ！」,じゃ
126.343,126.443,92,「お邪魔しますよっ！」,邪
126.443,126.543,0,「おじゃましますよっ！」,ま
126.443,126.543,92,「お邪魔しますよっ！」,魔
126.543,126.61,0,「おじゃましますよっ！」,し
126.543,126.61,92,「お邪魔しますよっ！」,し
126.61,126.743,0,「おじゃましますよっ！」,ま
126.61,126.743,92,「お邪魔しますよっ！」,ま
126.743,126.81,0,「おじゃましますよっ！」,す
126.743,126.81,92,「お邪魔しますよっ！」,す
126.81,126.977,0,「おじゃましますよっ！」,よっ！」
126.81,126.977,92,「お邪魔しますよっ！」,よっ！」
126.977,127.244,0,「おきゃくさん、おめがたかいですね〜」,「お
126.977,127.244,92,「お客さん、お目が高いですね〜」,「お
127.244,127.411,0,「おきゃくさん、おめがたかいですね〜」,きゃ
127.244,127.411,92,「お客さん、お目が高いですね〜」,客
127.411,127.544,0,「おきゃくさん、おめがたかいですね〜」,く
127.411,127.544,92,「お客さん、お目が高いですね〜」,客
127.544,127.711,0,「おきゃくさん、おめがたかいですね〜」,さ
127.544,127.711,92,「お客さん、お目が高いですね〜」,さ
127.711,127.911,0,「おきゃくさん、おめがたかいですね〜」,ん、
127.711,127.911,92,「お客さん、お目が高いですね〜」,ん、
127.911,128.679,85,「えっ、あ、あ、うん、はいっ、そ、そうかな、いぇ、いぇーい」,「えっ、
127.911,128.679,7,「えっ、あ、あ、うん、はいっ、そ、そうかな、いぇ、いぇーい」,「えっ、
127.911,128.078,0,「おきゃくさん、おめがたかいですね〜」,お
127.911,128.078,92,「お客さん、お目が高いですね〜」,お
128.078,128.212,0,「おきゃくさん、おめがたかいですね〜」,め
128.078,128.212,92,「お客さん、お目が高いですね〜」,目
128.212,128.345,0,「おきゃくさん、おめがたかいですね〜」,が
128.212,128.345,92,「お客さん、お目が高いですね〜」,が
128.345,128.512,0,「おきゃくさん、おめがたかいですね〜」,た
128.345,128.512,92,「お客さん、お目が高いですね〜」,高
128.512,128.612,0,「おきゃくさん、おめがたかいですね〜」,か
128.512,128.612,92,「お客さん、お目が高いですね〜」,高
128.612,128.679,0,「おきゃくさん、おめがたかいですね〜」,い
128.612,128.679,92,「お客さん、お目が高いですね〜」,い
128.679,129.48,85,「えっ、あ、あ、うん、はいっ、そ、そうかな、いぇ、いぇーい」,あ、
128.679,129.48,7,「えっ、あ、あ、うん、はいっ、そ、そうかな、いぇ、いぇーい」,あ、
128.679,128.812,0,「おきゃくさん、おめがたかいですね〜」,で
128.679,128.812,92,「お客さん、お目が高いですね〜」,で
128.812,128.912,0,「おきゃくさん、おめがたかいですね〜」,す
128.812,128.912,92,「お客さん、お目が高いですね〜」,す
128.912,129.113,0,「おきゃくさん、おめがたかいですね〜」,ね〜」
128.912,129.113,92,「お客さん、お目が高いですね〜」,ね〜」
129.113,129.346,0,「あてぃしせんぱぁい、にあうとおもいますよぉ」,「あ
129.113,129.346,92,「あてぃしせんぱァい、似合うと思いますよォ」,「あ
129.346,129.513,0,「あてぃしせんぱぁい、にあうとおもいますよぉ」,てぃ
129.346,129.513,92,「あてぃしせんぱァい、似合うと思いますよォ」,てぃ
129.48,130.08,85,「えっ、あ、あ、うん、はいっ、そ、そうかな、いぇ、いぇーい」,あ、
129.48,130.08,7,「えっ、あ、あ、うん、はいっ、そ、そうかな、いぇ、いぇーい」,あ、
129.513,129.746,0,「あてぃしせんぱぁい、にあうとおもいますよぉ」,し
129.513,129.746,92,「あてぃしせんぱァい、似合うと思いますよォ」,し
129.746,129.88,0,「あてぃしせんぱぁい、にあうとおもいますよぉ」,せ
129.746,129.88,92,「あてぃしせんぱァい、似合うと思いますよォ」,せ
129.88,129.98,0,「あてぃしせんぱぁい、にあうとおもいますよぉ」,ん
129.88,129.98,92,「あてぃしせんぱァい、似合うと思いますよォ」,ん
129.98,130.114,0,「あてぃしせんぱぁい、にあうとおもいますよぉ」,ぱぁ
129.98,130.114,92,「あてぃしせんぱァい、似合うと思いますよォ」,ぱァ
130.08,130.781,85,「えっ、あ、あ、うん、はいっ、そ、そうかな、いぇ、いぇーい」,うん、
130.08,130.781,7,「えっ、あ、あ、うん、はいっ、そ、そうかな、いぇ、いぇーい」,うん、
130.114,130.28,0,「あてぃしせんぱぁい、にあうとおもいますよぉ」,い、
130.114,130.28,92,「あてぃしせんぱァい、似合うと思いますよォ」,い、
130.28,130.414,0,「あてぃしせんぱぁい、にあうとおもいますよぉ」,に
130.28,130.414,92,「あてぃしせんぱァい、似合うと思いますよォ」,似
130.414,130.581,0,「あてぃしせんぱぁい、にあうとおもいますよぉ」,あ
130.414,130.581,92,「あてぃしせんぱァい、似合うと思いますよォ」,合
130.581,130.681,0,「あてぃしせんぱぁい、にあうとおもいますよぉ」,う
130.581,130.681,92,「あてぃしせんぱァい、似合うと思いますよォ」,う
130.681,130.747,0,「あてぃしせんぱぁい、にあうとおもいますよぉ」,と
130.681,130.747,92,「あてぃしせんぱァい、似合うと思いますよォ」,と
130.747,130.814,0,「あてぃしせんぱぁい、にあうとおもいますよぉ」,お
130.747,130.814,92,「あてぃしせんぱァい、似合うと思いますよォ」,思
130.781,131.448,85,「えっ、あ、あ、うん、はいっ、そ、そうかな、いぇ、いぇーい」,はいっ、
130.781,131.448,7,「えっ、あ、あ、うん、はいっ、そ、そうかな、いぇ、いぇーい」,はいっ、
130.814,130.914,0,「あてぃしせんぱぁい、にあうとおもいますよぉ」,も
130.814,130.914,92,「あてぃしせんぱァい、似合うと思いますよォ」,思
130.914,130.981,0,「あてぃしせんぱぁい、にあうとおもいますよぉ」,い
130.914,130.981,92,「あてぃしせんぱァい、似合うと思いますよォ」,い
130.981,131.115,0,「あてぃしせんぱぁい、にあうとおもいますよぉ」,ま
130.981,131.115,92,「あてぃしせんぱァい、似合うと思いますよォ」,ま
131.115,131.215,0,「あてぃしせんぱぁい、にあうとおもいますよぉ」,す
131.115,131.215,92,「あてぃしせんぱァい、似合うと思いますよォ」,す
131.215,131.815,0,「あてぃしせんぱぁい、にあうとおもいますよぉ」,よぉ」
131.215,131.815,92,「あてぃしせんぱァい、似合うと思いますよォ」,よォ」
131.448,132.149,85,「えっ、あ、あ、うん、はいっ、そ、そうかな、いぇ、いぇーい」,そ、
131.448,132.149,7,「えっ、あ、あ、うん、はいっ、そ、そうかな、いぇ、いぇーい」,そ、
132.149,132.416,85,「えっ、あ、あ、うん、はいっ、そ、そうかな、いぇ、いぇーい」,そう
132.149,132.416,7,「えっ、あ、あ、うん、はいっ、そ、そうかな、いぇ、いぇーい」,そう
132.416,132.583,85,「えっ、あ、あ、うん、はいっ、そ、そうかな、いぇ、いぇーい」,か
132.416,132.583,7,「えっ、あ、あ、うん、はいっ、そ、そうかな、いぇ、いぇーい」,か
132.583,133.217,85,「えっ、あ、あ、うん、はいっ、そ、そうかな、いぇ、いぇーい」,な、
132.583,133.217,7,「えっ、あ、あ、うん、はいっ、そ、そうかな、いぇ、いぇーい」,な、
133.217,133.717,85,「えっ、あ、あ、うん、はいっ、そ、そうかな、いぇ、いぇーい」,いぇ、
133.217,133.717,7,「えっ、あ、あ、うん、はいっ、そ、そうかな、いぇ、いぇーい」,いぇ、
133.717,134.451,85,「えっ、あ、あ、うん、はいっ、そ、そうかな、いぇ、いぇーい」,いぇー
133.717,134.451,7,「えっ、あ、あ、うん、はいっ、そ、そうかな、いぇ、いぇーい」,いぇー
134.451,134.785,85,「えっ、あ、あ、うん、はいっ、そ、そうかな、いぇ、いぇーい」,い」
134.451,134.785,7,「えっ、あ、あ、うん、はいっ、そ、そうかな、いぇ、いぇーい」,い」
136.42,136.62,92,いつも　いつも,い
136.42,136.62,0,いつもいつも,い
136.62,136.753,92,いつも　いつも,つ
136.62,136.753,0,いつもいつも,つ
136.753,137.688,92,いつも　いつも,も　
136.753,137.688,0,いつもいつも,も
137.688,137.855,92,いつも　いつも,い
137.688,137.855,0,いつもいつも,い
137.855,138.021,92,いつも　いつも,つ
137.855,138.021,0,いつもいつも,つ
138.021,139.256,92,いつも　いつも,も
138.021,139.256,0,いつもいつも,も
139.256,139.59,92,ありがとう,あ
139.256,139.59,0,ありがとう,あ
139.59,139.89,92,ありがとう,り
139.59,139.89,0,ありがとう,り
139.89,140.19,92,ありがとう,が
139.89,140.19,0,ありがとう,が
140.19,140.691,92,ありがとう,と
140.19,140.691,0,ありがとう,と
140.691,141.458,92,ありがとう,う
140.691,141.458,0,ありがとう,う
141.458,141.625,0,うかぶえがお,う
141.458,141.625,92,浮かぶ　笑顔,浮
141.625,141.792,0,うかぶえがお,か
141.625,141.792,92,浮かぶ　笑顔,か
141.792,142.726,0,うかぶえがお,ぶ
141.792,142.726,92,浮かぶ　笑顔,ぶ　
142.726,142.893,0,うかぶえがお,え
142.726,142.893,92,浮かぶ　笑顔,笑
142.893,143.06,0,うかぶえがお,が
142.893,143.994,92,浮かぶ　笑顔,顔
143.06,143.994,0,うかぶえがお,お
143.994,144.161,0,しゃったーちゃんす,しゃ
143.994,144.161,92,シャッターチャンス,シャ
144.161,144.361,0,しゃったーちゃんす,っ
144.161,144.361,92,シャッターチャンス,ッ
144.361,144.461,0,しゃったーちゃんす,た
144.361,144.461,92,シャッターチャンス,タ
144.461,144.828,0,しゃったーちゃんす,ー
144.461,144.828,92,シャッターチャンス,ー
144.828,144.962,0,しゃったーちゃんす,ちゃ
144.828,144.962,92,シャッターチャンス,チャ
144.962,145.262,0,しゃったーちゃんす,ん
144.962,145.262,92,シャッターチャンス,ン
145.262,145.829,0,しゃったーちゃんす,す
145.262,145.829,92,シャッターチャンス,ス
145.829,146.497,92,だぁ！,だぁ！
145.829,146.497,0,だぁ！,だぁ！
145.829,146.497,85,（だぁ！）,（だぁ！）
145.829,146.497,7,（だぁ！）,（だぁ！）
146.497,146.663,0,たのしい！,た
146.497,146.663,92,楽しい！,楽
146.663,146.797,0,たのしい！,の
146.663,146.797,92,楽しい！,楽
146.797,146.93,0,たのしい！,し
146.797,146.93,92,楽しい！,し
146.93,147.131,0,たのしい！,い！
146.93,147.131,92,楽しい！,い！
147.131,147.264,7,（たのしい！）,（た
147.131,147.264,85,（楽しい！）,（楽
147.264,147.431,7,（たのしい！）,の
147.264,147.431,85,（楽しい！）,（楽
147.431,147.564,7,（たのしい！）,し
147.431,147.564,85,（楽しい！）,し
147.564,147.798,7,（たのしい！）,い！）
147.564,147.798,85,（楽しい！）,い！）
147.798,147.965,0,おいしい！,お
147.798,147.965,92,美味しい！,美
147.965,148.098,0,おいしい！,い
147.965,148.098,92,美味しい！,味
148.098,148.198,0,おいしい！,し
148.098,148.198,92,美味しい！,し
148.198,148.398,0,おいしい！,い！
148.198,148.398,92,美味しい！,い！
148.398,148.565,7,（おいしい！）,（お
148.398,148.565,85,（美味しい！）,（美
148.565,148.732,7,（おいしい！）,い
148.565,148.732,85,（美味しい！）,味
148.732,148.899,7,（おいしい！）,し
148.732,148.899,85,（美味しい！）,し
148.899,149.032,7,（おいしい！）,い！）
148.899,149.032,85,（美味しい！）,い！）
149.032,149.366,0,なんでもしぇあはぴ,な
149.032,149.366,92,なんでもシェアハピ,な
149.366,149.666,0,なんでもしぇあはぴ,ん
149.366,149.666,92,なんでもシェアハピ,ん
149.666,149.967,0,なんでもしぇあはぴ,で
149.666,149.967,92,なんでもシェアハピ,で
149.967,150.3,0,なんでもしぇあはぴ,も
149.967,150.3,92,なんでもシェアハピ,も
150.3,150.467,0,なんでもしぇあはぴ,しぇ
150.3,150.467,92,なんでもシェアハピ,シェ
150.467,150.601,0,なんでもしぇあはぴ,あ
150.467,150.601,92,なんでもシェアハピ,ア
150.601,150.767,0,なんでもしぇあはぴ,は
150.601,150.767,92,なんでもシェアハピ,ハ
150.767,151.568,0,なんでもしぇあはぴ,ぴ
150.767,151.568,92,なんでもシェアハピ,ピ
150.901,151.235,7,（はっぴー！）,（はっ
150.901,151.235,85,（ハッピー！）,（ハッ
151.235,151.568,7,（はっぴー！）,ぴー！）
151.235,151.568,85,（ハッピー！）,ピー！）
151.568,151.735,0,きみと！,き
151.568,151.735,92,キミと！,キ
151.735,151.902,0,きみと！,み
151.735,151.902,92,キミと！,ミ
151.902,152.169,0,きみと！,と！
151.902,152.169,92,キミと！,と！
152.169,152.336,7,（きみと！）,（き
152.169,152.336,85,（キミと！）,（キ
152.336,152.469,7,（きみと！）,み
152.336,152.469,85,（キミと！）,ミ
152.469,152.836,7,（きみと！）,と！）
152.469,152.836,85,（キミと！）,と！）
152.836,152.97,0,きみと！,き
152.836,152.97,92,キミと！,キ
152.97,153.137,0,きみと！,み
152.97,153.137,92,キミと！,ミ
153.137,153.504,0,きみと！,と！
153.137,153.504,92,キミと！,と！
153.504,153.637,7,（きみと！）,（き
153.504,153.637,85,（キミと！）,（キ
153.637,153.77,7,（きみと！）,み
153.637,153.77,85,（キミと！）,ミ
153.77,154.104,7,（きみと！）,と！）
153.77,154.104,85,（キミと！）,と！）
154.104,154.438,0,ゆめみたい,ゆ
154.104,154.438,92,夢みたい,夢
154.438,154.605,0,ゆめみたい,め
154.438,154.605,92,夢みたい,夢
154.605,154.905,0,ゆめみたい,み
154.605,154.905,92,夢みたい,み
154.905,155.072,0,ゆめみたい,た
154.905,155.072,92,夢みたい,た
155.072,155.339,0,ゆめみたい,い
155.072,155.339,92,夢みたい,い
155.339,155.506,0,おとしごろ,お
155.339,155.506,92,お年頃,お
155.339,155.506,7,（おとしごろ♪）,（お
155.339,155.506,85,（お年頃♪）,（お
155.506,155.639,0,おとしごろ,と
155.506,155.639,92,お年頃,年
155.506,155.639,7,（おとしごろ♪）,と
155.506,155.639,85,（お年頃♪）,年
155.639,155.806,0,おとしごろ,し
155.639,155.806,92,お年頃,年
155.639,155.806,7,（おとしごろ♪）,し
155.639,155.806,85,（お年頃♪）,年
155.806,155.973,0,おとしごろ,ご
155.806,156.607,92,お年頃,頃
155.806,155.973,7,（おとしごろ♪）,ご
155.806,156.607,85,（お年頃♪）,頃♪）
155.973,156.607,0,おとしごろ,ろ
155.973,156.607,7,（おとしごろ♪）,ろ♪）
156.607,156.773,0,わくわくしちゃおどきどきしちゃお,わ
156.607,156.773,92,ワクワクしちゃお　ドキドキしちゃお,ワ
156.773,156.907,0,わくわくしちゃおどきどきしちゃお,く
156.773,156.907,92,ワクワクしちゃお　ドキドキしちゃお,ク
156.907,157.074,0,わくわくしちゃおどきどきしちゃお,わ
156.907,157.074,92,ワクワクしちゃお　ドキドキしちゃお,ワ
157.074,157.241,0,わくわくしちゃおどきどきしちゃお,く
157.074,157.241,92,ワクワクしちゃお　ドキドキしちゃお,ク
157.241,157.407,0,わくわくしちゃおどきどきしちゃお,し
157.241,157.407,92,ワクワクしちゃお　ドキドキしちゃお,し
157.407,157.574,0,わくわくしちゃおどきどきしちゃお,ちゃ
157.407,157.574,92,ワクワクしちゃお　ドキドキしちゃお,ちゃ
157.574,157.875,0,わくわくしちゃおどきどきしちゃお,お
157.574,157.875,92,ワクワクしちゃお　ドキドキしちゃお,お　
157.875,158.041,0,わくわくしちゃおどきどきしちゃお,ど
157.875,158.041,92,ワクワクしちゃお　ドキドキしちゃお,ド
158.041,158.175,0,わくわくしちゃおどきどきしちゃお,き
158.041,158.175,92,ワクワクしちゃお　ドキドキしちゃお,キ
158.175,158.342,0,わくわくしちゃおどきどきしちゃお,ど
158.175,158.342,92,ワクワクしちゃお　ドキドキしちゃお,ド
158.342,158.509,0,わくわくしちゃおどきどきしちゃお,き
158.342,158.509,92,ワクワクしちゃお　ドキドキしちゃお,キ
158.509,158.642,0,わくわくしちゃおどきどきしちゃお,し
158.509,158.642,92,ワクワクしちゃお　ドキドキしちゃお,し
158.642,158.809,0,わくわくしちゃおどきどきしちゃお,ちゃ
158.642,158.809,92,ワクワクしちゃお　ドキドキしちゃお,ちゃ
158.809,159.143,0,わくわくしちゃおどきどきしちゃお,お
158.809,159.143,92,ワクワクしちゃお　ドキドキしちゃお,お
159.143,159.309,0,すちゃらかもーどで,す
159.143,159.309,92,スチャラカモードで,ス
159.309,159.476,0,すちゃらかもーどで,ちゃ
159.309,159.476,92,スチャラカモードで,チャ
159.476,159.61,0,すちゃらかもーどで,ら
159.476,159.61,92,スチャラカモードで,ラ
159.61,159.776,0,すちゃらかもーどで,か
159.61,159.776,92,スチャラカモードで,カ
159.776,159.91,0,すちゃらかもーどで,も
159.776,159.91,92,スチャラカモードで,モ
159.91,160.244,0,すちゃらかもーどで,ー
159.91,160.244,92,スチャラカモードで,ー
160.244,160.577,0,すちゃらかもーどで,ど
160.244,160.577,92,スチャラカモードで,ド
160.577,161.678,0,すちゃらかもーどで,で
160.577,161.678,92,スチャラカモードで,で
160.878,161.145,7,（いぇいいぇい！）,（いぇい
160.878,161.145,85,（イェイイェイ！）,（イェイ
161.145,161.678,7,（いぇいいぇい！）,いぇい！）
161.145,161.678,85,（イェイイェイ！）,イェイ！）
161.678,162.012,92,よくばりなんです,よ
161.678,162.012,0,よくばりなんです,よ
162.012,162.312,92,よくばりなんです,く
162.012,162.312,0,よくばりなんです,く
162.312,162.646,92,よくばりなんです,ば
162.312,162.646,0,よくばりなんです,ば
162.646,162.946,92,よくばりなんです,り
162.646,162.946,0,よくばりなんです,り
162.946,163.113,92,よくばりなんです,な
162.946,163.113,0,よくばりなんです,な
163.113,163.213,92,よくばりなんです,ん
163.113,163.213,0,よくばりなんです,ん
163.213,163.447,92,よくばりなんです,で
163.213,163.447,0,よくばりなんです,で
163.447,164.047,92,よくばりなんです,す
163.447,164.047,0,よくばりなんです,す
164.047,164.214,0,「ばななはおかしにはいりますか〜！？」,「ば
164.047,164.214,92,「バナナはお菓子に入りますか〜！？」,「バ
164.214,164.348,0,「ばななはおかしにはいりますか〜！？」,な
164.214,164.348,92,「バナナはお菓子に入りますか〜！？」,ナ
164.348,164.414,0,「ばななはおかしにはいりますか〜！？」,な
164.348,164.414,92,「バナナはお菓子に入りますか〜！？」,ナ
164.414,164.548,0,「ばななはおかしにはいりますか〜！？」,は
164.414,164.548,92,「バナナはお菓子に入りますか〜！？」,は
164.548,164.681,0,「ばななはおかしにはいりますか〜！？」,お
164.548,164.681,92,「バナナはお菓子に入りますか〜！？」,お
164.681,164.815,0,「ばななはおかしにはいりますか〜！？」,か
164.681,164.815,92,「バナナはお菓子に入りますか〜！？」,菓
164.815,164.915,0,「ばななはおかしにはいりますか〜！？」,し
164.815,164.915,92,「バナナはお菓子に入りますか〜！？」,子
164.915,165.015,0,「ばななはおかしにはいりますか〜！？」,に
164.915,165.015,92,「バナナはお菓子に入りますか〜！？」,に
165.015,165.149,0,「ばななはおかしにはいりますか〜！？」,は
165.015,165.149,92,「バナナはお菓子に入りますか〜！？」,入
165.149,165.249,0,「ばななはおかしにはいりますか〜！？」,い
165.149,165.249,92,「バナナはお菓子に入りますか〜！？」,入
165.249,165.382,0,「ばななはおかしにはいりますか〜！？」,り
165.249,165.382,92,「バナナはお菓子に入りますか〜！？」,り
165.382,165.482,0,「ばななはおかしにはいりますか〜！？」,ま
165.382,165.482,92,「バナナはお菓子に入りますか〜！？」,ま
165.482,165.616,0,「ばななはおかしにはいりますか〜！？」,す
165.482,165.616,92,「バナナはお菓子に入りますか〜！？」,す
165.616,166.717,0,「ばななはおかしにはいりますか〜！？」,か〜！？」
165.616,166.717,92,「バナナはお菓子に入りますか〜！？」,か〜！？」
166.717,166.884,92,あれも！,あ
166.717,166.884,0,あれも！,あ
166.884,167.017,92,あれも！,れ
166.884,167.017,0,あれも！,れ
167.017,167.417,92,あれも！,も！
167.017,167.417,0,あれも！,も！
167.417,167.518,85,（あれも！）,（あ
167.417,167.518,7,（あれも！）,（あ
167.518,167.651,85,（あれも！）,れ
167.518,167.651,7,（あれも！）,れ
167.651,167.985,85,（あれも！）,も！）
167.651,167.985,7,（あれも！）,も！）
167.985,168.152,92,これも！,こ
167.985,168.152,0,これも！,こ
168.152,168.318,92,これも！,れ
168.152,168.318,0,これも！,れ
168.318,168.619,92,これも！,も！
168.318,168.619,0,これも！,も！
168.619,168.752,85,（これも！）,（こ
168.619,168.752,7,（これも！）,（こ
168.752,168.886,85,（これも！）,れ
168.752,168.886,7,（これも！）,れ
168.886,169.253,85,（これも！）,も！）
168.886,169.253,7,（これも！）,も！）
169.253,169.419,0,ぜんぶぜんぶほしいの,ぜ
169.253,169.419,92,全部全部欲しいの,全
169.419,169.586,0,ぜんぶぜんぶほしいの,ん
169.419,169.586,92,全部全部欲しいの,全
169.586,169.887,0,ぜんぶぜんぶほしいの,ぶ
169.586,169.887,92,全部全部欲しいの,部
169.887,170.02,0,ぜんぶぜんぶほしいの,ぜ
169.887,170.02,92,全部全部欲しいの,全
170.02,170.22,0,ぜんぶぜんぶほしいの,ん
170.02,170.22,92,全部全部欲しいの,全
170.22,170.521,0,ぜんぶぜんぶほしいの,ぶ
170.22,170.521,92,全部全部欲しいの,部
170.521,170.687,0,ぜんぶぜんぶほしいの,ほ
170.521,170.687,92,全部全部欲しいの,欲
170.687,170.854,0,ぜんぶぜんぶほしいの,し
170.687,170.854,92,全部全部欲しいの,し
170.854,170.988,0,ぜんぶぜんぶほしいの,い
170.854,170.988,92,全部全部欲しいの,い
170.988,171.788,0,ぜんぶぜんぶほしいの,の
170.988,171.788,92,全部全部欲しいの,の
171.088,171.255,85,（ちょーだい！）,（ちょ
171.088,171.255,7,（ちょーだい！）,（ちょ
171.255,171.421,85,（ちょーだい！）,ー
171.255,171.421,7,（ちょーだい！）,ー
171.421,171.588,85,（ちょーだい！）,だ
171.421,171.588,7,（ちょーだい！）,だ
171.588,171.788,85,（ちょーだい！）,い！）
171.588,171.788,7,（ちょーだい！）,い！）
171.788,171.922,0,きみと！,き
171.788,171.922,92,キミと！,キ
171.922,172.089,0,きみと！,み
171.922,172.089,92,キミと！,ミ
172.089,172.422,0,きみと！,と！
172.089,172.422,92,キミと！,と！
172.422,172.556,7,（きみと！）,（き
172.422,172.556,85,（キミと！）,（キ
172.556,172.689,7,（きみと！）,み
172.556,172.689,85,（キミと！）,ミ
172.689,173.056,7,（きみと！）,と！）
172.689,173.056,85,（キミと！）,と！）
173.056,173.19,0,きみと！,き
173.056,173.19,92,キミと！,キ
173.19,173.357,0,きみと！,み
173.19,173.357,92,キミと！,ミ
173.357,173.657,0,きみと！,と！
173.357,173.657,92,キミと！,と！
173.657,173.79,7,（きみと！）,（き
173.657,173.79,85,（キミと！）,（キ
173.79,173.924,7,（きみと！）,み
173.79,173.924,85,（キミと！）,ミ
173.924,174.291,7,（きみと！）,と！）
173.924,174.291,85,（キミと！）,と！）
174.291,174.591,0,つくるのだ,つ
174.291,174.591,92,作るのだ,作
174.591,174.758,0,つくるのだ,く
174.591,174.758,92,作るのだ,作
174.758,175.092,0,つくるのだ,る
174.758,175.092,92,作るのだ,る
175.092,175.259,0,つくるのだ,の
175.092,175.259,92,作るのだ,の
175.259,175.559,0,つくるのだ,だ
175.259,175.559,92,作るのだ,だ
175.559,175.726,0,ぱらだいす,ぱ
175.559,175.726,92,パラダイス,パ
175.559,175.726,7,（ぱらだいす☆）,（ぱ
175.559,175.726,85,（パラダイス☆）,（パ
175.726,175.893,0,ぱらだいす,ら
175.726,175.893,92,パラダイス,ラ
175.726,175.893,7,（ぱらだいす☆）,ら
175.726,175.893,85,（パラダイス☆）,ラ
175.893,176.026,0,ぱらだいす,だ
175.893,176.026,92,パラダイス,ダ
175.893,176.026,7,（ぱらだいす☆）,だ
175.893,176.026,85,（パラダイス☆）,ダ
176.026,176.193,0,ぱらだいす,い
176.026,176.193,92,パラダイス,イ
176.026,176.193,7,（ぱらだいす☆）,い
176.026,176.193,85,（パラダイス☆）,イ
176.193,176.827,0,ぱらだいす,す
176.193,176.827,92,パラダイス,ス
176.193,176.827,7,（ぱらだいす☆）,す☆）
176.193,176.827,85,（パラダイス☆）,ス☆）
176.827,176.994,0,おにぎりたべておかしもたべて,お
176.827,176.994,92,おにぎり食べて　お菓子も食べて,お
176.994,177.161,0,おにぎりたべておかしもたべて,に
176.994,177.161,92,おにぎり食べて　お菓子も食べて,に
177.161,177.294,0,おにぎりたべておかしもたべて,ぎ
177.161,177.294,92,おにぎり食べて　お菓子も食べて,ぎ
177.294,177.494,0,おにぎりたべておかしもたべて,り
177.294,177.494,92,おにぎり食べて　お菓子も食べて,り
177.494,177.628,0,おにぎりたべておかしもたべて,た
177.494,177.628,92,おにぎり食べて　お菓子も食べて,食
177.628,177.794,0,おにぎりたべておかしもたべて,べ
177.628,177.794,92,おにぎり食べて　お菓子も食べて,べ
177.794,178.095,0,おにぎりたべておかしもたべて,て
177.794,178.095,92,おにぎり食べて　お菓子も食べて,て　
178.095,178.262,0,おにぎりたべておかしもたべて,お
178.095,178.262,92,おにぎり食べて　お菓子も食べて,お
178.262,178.428,0,おにぎりたべておかしもたべて,か
178.262,178.428,92,おにぎり食べて　お菓子も食べて,菓
178.428,178.562,0,おにぎりたべておかしもたべて,し
178.428,178.562,92,おにぎり食べて　お菓子も食べて,子
178.562,178.729,0,おにぎりたべておかしもたべて,も
178.562,178.729,92,おにぎり食べて　お菓子も食べて,も
178.729,178.896,0,おにぎりたべておかしもたべて,た
178.729,178.896,92,おにぎり食べて　お菓子も食べて,食
178.896,179.062,0,おにぎりたべておかしもたべて,べ
178.896,179.062,92,おにぎり食べて　お菓子も食べて,べ
179.062,179.329,0,おにぎりたべておかしもたべて,て
179.062,179.329,92,おにぎり食べて　お菓子も食べて,て
179.329,179.463,0,しあわせわらっちゃおう,し
179.329,179.463,92,シアワセ笑っちゃおう,シ
179.463,179.63,0,しあわせわらっちゃおう,あ
179.463,179.63,92,シアワセ笑っちゃおう,ア
179.63,179.796,0,しあわせわらっちゃおう,わ
179.63,179.796,92,シアワセ笑っちゃおう,ワ
179.796,179.963,0,しあわせわらっちゃおう,せ
179.796,179.963,92,シアワセ笑っちゃおう,セ
179.963,180.13,0,しあわせわらっちゃおう,わ
179.963,180.13,92,シアワセ笑っちゃおう,笑
180.13,180.264,0,しあわせわらっちゃおう,ら
180.13,180.264,92,シアワセ笑っちゃおう,笑
180.264,180.464,0,しあわせわらっちゃおう,っ
180.264,180.464,92,シアワセ笑っちゃおう,っ
180.464,180.764,0,しあわせわらっちゃおう,ちゃ
180.464,180.764,92,シアワセ笑っちゃおう,ちゃ
180.764,180.931,0,しあわせわらっちゃおう,お
180.764,180.931,92,シアワセ笑っちゃおう,お
180.931,181.899,0,しあわせわらっちゃおう,う
180.931,181.899,92,シアワセ笑っちゃおう,う
181.064,181.398,7,（いぇいいぇい！）,（いぇい
181.064,181.398,85,（イェイイェイ！）,（イェイ
181.398,181.899,7,（いぇいいぇい！）,いぇい！）
181.398,181.899,85,（イェイイェイ！）,イェイ！）
181.899,182.199,0,かぞくみたいだね,か
181.899,182.199,92,家族みたいだね,家
182.199,182.533,0,かぞくみたいだね,ぞ
182.199,182.533,92,家族みたいだね,族
182.533,182.833,0,かぞくみたいだね,く
182.533,182.833,92,家族みたいだね,族
182.833,183.167,0,かぞくみたいだね,み
182.833,183.167,92,家族みたいだね,み
183.167,183.333,0,かぞくみたいだね,た
183.167,183.333,92,家族みたいだね,た
183.333,183.467,0,かぞくみたいだね,い
183.333,183.467,92,家族みたいだね,い
183.467,183.634,0,かぞくみたいだね,だ
183.467,183.634,92,家族みたいだね,だ
183.634,183.934,0,かぞくみたいだね,ね
183.634,183.934,92,家族みたいだね,ね
183.934,184.101,0,あざとくぱしゃり,あ
183.934,184.101,92,あざとくパシャり,あ
184.101,184.268,0,あざとくぱしゃり,ざ
184.101,184.268,92,あざとくパシャり,ざ
184.268,184.601,0,あざとくぱしゃり,と
184.268,184.601,92,あざとくパシャり,と
184.601,184.735,0,あざとくぱしゃり,く
184.601,184.735,92,あざとくパシャり,く
184.735,184.902,0,あざとくぱしゃり,ぱ
184.735,184.902,92,あざとくパシャり,パ
184.902,185.035,0,あざとくぱしゃり,しゃ
184.902,185.035,92,あざとくパシャり,シャ
185.035,185.502,0,あざとくぱしゃり,り
185.035,185.502,92,あざとくパシャり,り
185.502,185.669,0,きゅーとなえぶりでい,きゅ
185.502,185.669,92,キュートなエブリデイ,キュ
185.669,185.836,0,きゅーとなえぶりでい,ー
185.669,185.836,92,キュートなエブリデイ,ー
185.836,185.969,0,きゅーとなえぶりでい,と
185.836,185.969,92,キュートなエブリデイ,ト
185.969,186.17,0,きゅーとなえぶりでい,な
185.969,186.17,92,キュートなエブリデイ,な
186.17,186.47,0,きゅーとなえぶりでい,え
186.17,186.47,92,キュートなエブリデイ,エ
186.47,186.637,0,きゅーとなえぶりでい,ぶ
186.47,186.637,92,キュートなエブリデイ,ブ
186.637,186.77,0,きゅーとなえぶりでい,り
186.637,186.77,92,キュートなエブリデイ,リ
186.77,186.937,0,きゅーとなえぶりでい,で
186.77,186.937,92,キュートなエブリデイ,デ
186.937,187.104,0,きゅーとなえぶりでい,い
186.937,187.104,92,キュートなエブリデイ,イ
