start,end,position,line,text,token
1.218,3.821,77,91,<55></c><290>作</c><212>詞</c><103>:</c><119>森</c><139>本</c><1>練</c><55></c><290>作</c><275>編</c><253>曲</c><228>:</c><206>伊</c><185>藤</c><154>和</c><122>馬</c><88>（</c><54>a</c><60>r</c><102>t</c><141>e</c><180>r</c><267>e</c><159>f</c><59>a</c><28>c</c><11>t</c><1>）</c><55></c>,作詞:森本練作編曲:伊藤和馬（arterefact）
1.218,11.628,98,0,<55></c><290>h</c><281>o</c><264>l</c><250>o</c><234>l</c><215>i</c><203>v</c><188>e</c><165>i</c><143>d</c><120>o</c><98>l</c><72>p</c><45>r</c><52>o</c><82>j</c><115>e</c><140>c</c><167>t</c><199>-</c><279>大</c><179>切</c><114>フ</c><40>ォ</c><29>ト</c><18>グ</c><6>ラ</c><1>フ</c><55></c>,hololiveidolproject-大切フォトグラフ
3.821,6.457,-1,-1,<55></c><290>b</c><243>a</c><192>s</c><118>s</c><39>:</c><137>小</c><307>林</c><32>修</c><1>己</c><55></c>,bass:小林修己
6.457,9.026,98,91,<55></c><290>a</c><284>l</c><270>l</c><257>o</c><241>t</c><226>h</c><213>e</c><202>r</c><187>i</c><168>n</c><147>s</c><133>t</c><109>r</c><87>u</c><68>m</c><43>e</c><50>n</c><76>t</c><104>s</c><127>&amp;</c><151>p</c><173>r</c><209>o</c><287>g</c><183>r</c><126>a</c><66>m</c><34>m</c><24>i</c><15>n</c><3>g</c><1>:</c><55></c><290>伊</c><269>藤</c><239>和</c><212>馬</c><181>（</c><143>a</c><103>r</c><58>t</c><64>e</c><119>r</c><167>e</c><261>f</c><139>a</c><35>c</c><16>t</c><1>）</c><55></c>,allotherinstruments&amp;programming:伊藤和馬（arterefact）
9.026,11.628,-1,91,<55></c><23>歌唱メンバー:</c><1>白上フブキ</c><23>、</c><290>湊あくあ</c><23>、</c><55></c><192>宝鐘マリン</c><23>、</c><39>天音かなた</c><23>、</c><307>桃鈴ねね</c><55></c>,歌唱メンバー:白上フブキ、湊あくあ、宝鐘マリン、天音かなた、桃鈴ねね
14.865,15.232,-1,0,<55></c><290>み</c><163>なれきったどあのさきに</c><55></c>,み
14.865,15.232,-1,-1,<55></c><290>見</c><163>慣れきったドアの先に</c><55></c>,見
15.232,15.566,-1,0,<55></c><290>みな</c><163>れきったどあのさきに</c><55></c>,な
15.232,15.566,-1,-1,<55></c><290>見慣</c><163>れきったドアの先に</c><55></c>,慣
15.566,15.899,-1,0,<55></c><290>みなれ</c><163>きったどあのさきに</c><55></c>,れ
15.566,15.899,-1,-1,<55></c><290>見慣れ</c><163>きったドアの先に</c><55></c>,れ
15.899,16.2,-1,0,<55></c><290>みなれき</c><163>ったどあのさきに</c><55></c>,き
15.899,16.2,-1,-1,<55></c><290>見慣れき</c><163>ったドアの先に</c><55></c>,き
16.2,16.533,-1,0,<55></c><290>みなれきっ</c><163>たどあのさきに</c><55></c>,っ
16.2,16.533,-1,-1,<55></c><290>見慣れきっ</c><163>たドアの先に</c><55></c>,っ
16.533,18.035,-1,0,<55></c><290>みなれきった</c><163>どあのさきに</c><55></c>,た
16.533,18.035,-1,-1,<55></c><290>見慣れきった</c><163>ドアの先に</c><55></c>,た
18.035,18.168,-1,0,<55></c><290>みなれきったど</c><163>あのさきに</c><55></c>,ど
18.035,18.168,-1,-1,<55></c><290>見慣れきったド</c><163>アの先に</c><55></c>,ド
18.168,18.502,-1,0,<55></c><290>みなれきったどあ</c><163>のさきに</c><55></c>,あ
18.168,18.502,-1,-1,<55></c><290>見慣れきったドア</c><163>の先に</c><55></c>,ア
18.502,18.802,-1,0,<55></c><290>みなれきったどあの</c><163>さきに</c><55></c>,の
18.502,18.802,-1,-1,<55></c><290>見慣れきったドアの</c><163>先に</c><55></c>,の
18.802,19.203,-1,0,<55></c><290>みなれきったどあのさ</c><163>きに</c><55></c>,さ
18.802,19.47,-1,-1,<55></c><290>見慣れきったドアの先</c><163>に</c><55></c>,先
19.203,19.47,-1,0,<55></c><290>みなれきったどあのさき</c><163>に</c><55></c>,き
19.47,21.972,-1,0,<55></c><290>みなれきったどあのさきに</c><55></c>,に
19.47,21.972,-1,-1,<55></c><290>見慣れきったドアの先に</c><55></c>,に
21.972,22.106,-1,0,<55></c><290>か</c><163>わらないほほえみ</c><55></c>,か
21.972,22.106,-1,-1,<55></c><290>変</c><163>わらない微笑み</c><55></c>,変
22.106,22.639,-1,0,<55></c><290>かわ</c><163>らないほほえみ</c><55></c>,わ
22.106,22.639,-1,-1,<55></c><290>変わ</c><163>らない微笑み</c><55></c>,わ
22.639,22.74,-1,0,<55></c><290>かわら</c><163>ないほほえみ</c><55></c>,ら
22.639,22.74,-1,-1,<55></c><290>変わら</c><163>ない微笑み</c><55></c>,ら
22.74,23.107,-1,0,<55></c><290>かわらな</c><163>いほほえみ</c><55></c>,な
22.74,23.107,-1,-1,<55></c><290>変わらな</c><163>い微笑み</c><55></c>,な
23.107,23.273,-1,0,<55></c><290>かわらない</c><163>ほほえみ</c><55></c>,い
23.107,23.273,-1,-1,<55></c><290>変わらない</c><163>微笑み</c><55></c>,い
23.273,23.407,-1,0,<55></c><290>かわらないほ</c><163>ほえみ</c><55></c>,ほ
23.273,23.907,-1,-1,<55></c><290>変わらない微</c><163>笑み</c><55></c>,微
23.407,23.907,-1,0,<55></c><290>かわらないほほ</c><163>えみ</c><55></c>,ほ
23.907,24.041,-1,0,<55></c><290>かわらないほほえ</c><163>み</c><55></c>,え
23.907,24.041,-1,-1,<55></c><290>変わらない微笑</c><163>み</c><55></c>,笑
24.041,25.342,-1,0,<55></c><290>かわらないほほえみ</c><55></c>,み
24.041,25.342,-1,-1,<55></c><290>変わらない微笑み</c><55></c>,み
25.342,25.642,-1,0,<55></c><192>ふ</c><163>いにぎゅっとだきしめたら</c><55></c>,ふ
25.342,25.642,-1,-1,<55></c><192>ふ</c><163>いにギュッと抱き締めたら</c><55></c>,ふ
25.642,25.976,-1,0,<55></c><192>ふい</c><163>にぎゅっとだきしめたら</c><55></c>,い
25.642,25.976,-1,-1,<55></c><192>ふい</c><163>にギュッと抱き締めたら</c><55></c>,い
25.976,26.31,-1,0,<55></c><192>ふいに</c><163>ぎゅっとだきしめたら</c><55></c>,に
25.976,26.31,-1,-1,<55></c><192>ふいに</c><163>ギュッと抱き締めたら</c><55></c>,に
26.31,26.643,-1,0,<55></c><192>ふいにぎゅ</c><163>っとだきしめたら</c><55></c>,ぎゅ
26.31,26.643,-1,-1,<55></c><192>ふいにギュ</c><163>ッと抱き締めたら</c><55></c>,ギュ
26.643,26.977,-1,0,<55></c><192>ふいにぎゅっ</c><163>とだきしめたら</c><55></c>,っ
26.643,26.977,-1,-1,<55></c><192>ふいにギュッ</c><163>と抱き締めたら</c><55></c>,ッ
26.977,28.479,-1,0,<55></c><192>ふいにぎゅっと</c><163>だきしめたら</c><55></c>,と
26.977,28.479,-1,-1,<55></c><192>ふいにギュッと</c><163>抱き締めたら</c><55></c>,と
28.479,28.612,-1,0,<55></c><192>ふいにぎゅっとだ</c><163>きしめたら</c><55></c>,だ
28.479,28.612,-1,-1,<55></c><192>ふいにギュッと抱</c><163>き締めたら</c><55></c>,抱
28.612,28.946,-1,0,<55></c><192>ふいにぎゅっとだき</c><163>しめたら</c><55></c>,き
28.612,28.946,-1,-1,<55></c><192>ふいにギュッと抱き</c><163>締めたら</c><55></c>,き
28.946,29.246,-1,0,<55></c><192>ふいにぎゅっとだきし</c><163>めたら</c><55></c>,し
28.946,29.246,-1,-1,<55></c><192>ふいにギュッと抱き締</c><163>めたら</c><55></c>,締
29.246,29.58,-1,0,<55></c><192>ふいにぎゅっとだきしめ</c><163>たら</c><55></c>,め
29.246,29.58,-1,-1,<55></c><192>ふいにギュッと抱き締め</c><163>たら</c><55></c>,め
29.58,29.913,-1,0,<55></c><192>ふいにぎゅっとだきしめた</c><163>ら</c><55></c>,た
29.58,29.913,-1,-1,<55></c><192>ふいにギュッと抱き締めた</c><163>ら</c><55></c>,た
29.913,32.383,-1,0,<55></c><192>ふいにぎゅっとだきしめたら</c><55></c>,ら
29.913,32.383,-1,-1,<55></c><192>ふいにギュッと抱き締めたら</c><55></c>,ら
32.383,32.516,-1,0,<55></c><192>ほ</c><163>らまたえがおがさいたよ</c><55></c>,ほ
32.383,32.516,-1,-1,<55></c><192>ほ</c><163>らまた笑顔が咲いたよ</c><55></c>,ほ
32.516,33.017,-1,0,<55></c><192>ほら</c><163>またえがおがさいたよ</c><55></c>,ら
32.516,33.017,-1,-1,<55></c><192>ほら</c><163>また笑顔が咲いたよ</c><55></c>,ら
33.017,33.15,-1,0,<55></c><192>ほらま</c><163>たえがおがさいたよ</c><55></c>,ま
33.017,33.15,-1,-1,<55></c><192>ほらま</c><163>た笑顔が咲いたよ</c><55></c>,ま
33.15,33.717,-1,0,<55></c><192>ほらまた</c><163>えがおがさいたよ</c><55></c>,た
33.15,33.717,-1,-1,<55></c><192>ほらまた</c><163>笑顔が咲いたよ</c><55></c>,た
33.717,33.817,-1,0,<55></c><192>ほらまたえ</c><163>がおがさいたよ</c><55></c>,え
33.717,33.817,-1,-1,<55></c><192>ほらまた笑</c><163>顔が咲いたよ</c><55></c>,笑
33.817,34.051,-1,0,<55></c><192>ほらまたえが</c><163>おがさいたよ</c><55></c>,が
33.817,34.151,-1,-1,<55></c><192>ほらまた笑顔</c><163>が咲いたよ</c><55></c>,顔
34.051,34.151,-1,0,<55></c><192>ほらまたえがお</c><163>がさいたよ</c><55></c>,お
34.151,34.451,-1,0,<55></c><192>ほらまたえがおが</c><163>さいたよ</c><55></c>,が
34.151,34.451,-1,-1,<55></c><192>ほらまた笑顔が</c><163>咲いたよ</c><55></c>,が
34.451,34.685,-1,0,<55></c><192>ほらまたえがおがさ</c><163>いたよ</c><55></c>,さ
34.451,34.685,-1,-1,<55></c><192>ほらまた笑顔が咲</c><163>いたよ</c><55></c>,咲
34.685,34.785,-1,0,<55></c><192>ほらまたえがおがさい</c><163>たよ</c><55></c>,い
34.685,34.785,-1,-1,<55></c><192>ほらまた笑顔が咲い</c><163>たよ</c><55></c>,い
34.785,35.019,-1,0,<55></c><192>ほらまたえがおがさいた</c><163>よ</c><55></c>,た
34.785,35.019,-1,-1,<55></c><192>ほらまた笑顔が咲いた</c><163>よ</c><55></c>,た
35.019,37.721,-1,0,<55></c><192>ほらまたえがおがさいたよ</c><55></c>,よ
35.019,37.721,-1,-1,<55></c><192>ほらまた笑顔が咲いたよ</c><55></c>,よ
39.99,40.324,-1,0,<55></c><39>と</c><163>りためたにちじょうを</c><55></c>,と
39.99,40.324,-1,-1,<55></c><39>撮</c><163>り貯めた日常を</c><55></c>,撮
40.324,40.657,-1,0,<55></c><39>とり</c><163>ためたにちじょうを</c><55></c>,り
40.324,40.657,-1,-1,<55></c><39>撮り</c><163>貯めた日常を</c><55></c>,り
40.657,40.991,-1,0,<55></c><39>とりた</c><163>めたにちじょうを</c><55></c>,た
40.657,40.991,-1,-1,<55></c><39>撮り貯</c><163>めた日常を</c><55></c>,貯
40.991,41.325,-1,0,<55></c><39>とりため</c><163>たにちじょうを</c><55></c>,め
40.991,41.325,-1,-1,<55></c><39>撮り貯め</c><163>た日常を</c><55></c>,め
41.325,41.525,-1,0,<55></c><39>とりためた</c><163>にちじょうを</c><55></c>,た
41.325,41.525,-1,-1,<55></c><39>撮り貯めた</c><163>日常を</c><55></c>,た
41.525,41.992,-1,0,<55></c><39>とりためたに</c><163>ちじょうを</c><55></c>,に
41.525,42.292,-1,-1,<55></c><39>撮り貯めた日</c><163>常を</c><55></c>,日
41.992,42.292,-1,0,<55></c><39>とりためたにち</c><163>じょうを</c><55></c>,ち
42.292,42.626,-1,0,<55></c><39>とりためたにちじょ</c><163>うを</c><55></c>,じょ
42.292,42.826,-1,-1,<55></c><39>撮り貯めた日常</c><163>を</c><55></c>,常
42.626,42.826,-1,0,<55></c><39>とりためたにちじょう</c><163>を</c><55></c>,う
42.826,45.396,-1,0,<55></c><39>とりためたにちじょうを</c><55></c>,を
42.826,45.396,-1,-1,<55></c><39>撮り貯めた日常を</c><55></c>,を
45.396,45.562,-1,0,<55></c><39>よ</c><163>せがきみたいにあつめてさ</c><55></c>,よ
45.396,45.562,-1,-1,<55></c><39>寄</c><163>せ書きみたいに集めてさ</c><55></c>,寄
45.562,45.863,-1,0,<55></c><39>よせ</c><163>がきみたいにあつめてさ</c><55></c>,せ
45.562,45.863,-1,-1,<55></c><39>寄せ</c><163>書きみたいに集めてさ</c><55></c>,せ
45.863,46.196,-1,0,<55></c><39>よせが</c><163>きみたいにあつめてさ</c><55></c>,が
45.863,46.196,-1,-1,<55></c><39>寄せ書</c><163>きみたいに集めてさ</c><55></c>,書
46.196,46.53,-1,0,<55></c><39>よせがき</c><163>みたいにあつめてさ</c><55></c>,き
46.196,46.53,-1,-1,<55></c><39>寄せ書き</c><163>みたいに集めてさ</c><55></c>,き
46.53,46.764,-1,0,<55></c><39>よせがきみ</c><163>たいにあつめてさ</c><55></c>,み
46.53,46.764,-1,-1,<55></c><39>寄せ書きみ</c><163>たいに集めてさ</c><55></c>,み
46.764,47.164,-1,0,<55></c><39>よせがきみた</c><163>いにあつめてさ</c><55></c>,た
46.764,47.164,-1,-1,<55></c><39>寄せ書きみた</c><163>いに集めてさ</c><55></c>,た
47.164,47.498,-1,0,<55></c><39>よせがきみたい</c><163>にあつめてさ</c><55></c>,い
47.164,47.498,-1,-1,<55></c><39>寄せ書きみたい</c><163>に集めてさ</c><55></c>,い
47.498,47.831,-1,0,<55></c><39>よせがきみたいに</c><163>あつめてさ</c><55></c>,に
47.498,47.831,-1,-1,<55></c><39>寄せ書きみたいに</c><163>集めてさ</c><55></c>,に
47.831,48.132,-1,0,<55></c><39>よせがきみたいにあ</c><163>つめてさ</c><55></c>,あ
47.831,48.465,-1,-1,<55></c><39>寄せ書きみたいに集</c><163>めてさ</c><55></c>,集
48.132,48.465,-1,0,<55></c><39>よせがきみたいにあつ</c><163>めてさ</c><55></c>,つ
48.465,48.799,-1,0,<55></c><39>よせがきみたいにあつめ</c><163>てさ</c><55></c>,め
48.465,48.799,-1,-1,<55></c><39>寄せ書きみたいに集め</c><163>てさ</c><55></c>,め
48.799,49.133,-1,0,<55></c><39>よせがきみたいにあつめて</c><163>さ</c><55></c>,て
48.799,49.133,-1,-1,<55></c><39>寄せ書きみたいに集めて</c><163>さ</c><55></c>,て
49.133,50.768,-1,0,<55></c><39>よせがきみたいにあつめてさ</c><55></c>,さ
49.133,50.768,-1,-1,<55></c><39>寄せ書きみたいに集めてさ</c><55></c>,さ
50.768,51.101,-1,0,<55></c><307>さ</c><163>よならはむねにしまって</c><55></c>,さ
50.768,51.101,-1,-1,<55></c><307>さ</c><163>よならは胸にしまって</c><55></c>,さ
51.101,51.402,-1,0,<55></c><307>さよ</c><163>ならはむねにしまって</c><55></c>,よ
51.101,51.402,-1,-1,<55></c><307>さよ</c><163>ならは胸にしまって</c><55></c>,よ
51.402,51.769,-1,0,<55></c><307>さよな</c><163>らはむねにしまって</c><55></c>,な
51.402,51.769,-1,-1,<55></c><307>さよな</c><163>らは胸にしまって</c><55></c>,な
51.769,51.969,-1,0,<55></c><307>さよなら</c><163>はむねにしまって</c><55></c>,ら
51.769,51.969,-1,-1,<55></c><307>さよなら</c><163>は胸にしまって</c><55></c>,ら
51.969,53.037,-1,0,<55></c><307>さよならは</c><163>むねにしまって</c><55></c>,は
51.969,53.037,-1,-1,<55></c><307>さよならは</c><163>胸にしまって</c><55></c>,は
53.037,53.237,-1,0,<55></c><307>さよならはむ</c><163>ねにしまって</c><55></c>,む
53.037,53.404,-1,-1,<55></c><307>さよならは胸</c><163>にしまって</c><55></c>,胸
53.237,53.404,-1,0,<55></c><307>さよならはむね</c><163>にしまって</c><55></c>,ね
53.404,53.737,-1,0,<55></c><307>さよならはむねに</c><163>しまって</c><55></c>,に
53.404,53.737,-1,-1,<55></c><307>さよならは胸に</c><163>しまって</c><55></c>,に
53.737,54.038,-1,0,<55></c><307>さよならはむねにし</c><163>まって</c><55></c>,し
53.737,54.038,-1,-1,<55></c><307>さよならは胸にし</c><163>まって</c><55></c>,し
54.038,54.371,-1,0,<55></c><307>さよならはむねにしま</c><163>って</c><55></c>,ま
54.038,54.371,-1,-1,<55></c><307>さよならは胸にしま</c><163>って</c><55></c>,ま
54.371,54.605,-1,0,<55></c><307>さよならはむねにしまっ</c><163>て</c><55></c>,っ
54.371,54.605,-1,-1,<55></c><307>さよならは胸にしまっ</c><163>て</c><55></c>,っ
54.605,55.873,-1,0,<55></c><307>さよならはむねにしまって</c><55></c>,て
54.605,55.873,-1,-1,<55></c><307>さよならは胸にしまって</c><55></c>,て
55.873,56.006,-1,0,<55></c><307>か</c><163>たをよせてあきるくらい</c><55></c>,か
55.873,56.34,-1,-1,<55></c><307>肩</c><163>を寄せて飽きるくらい</c><55></c>,肩
56.006,56.34,-1,0,<55></c><307>かた</c><163>をよせてあきるくらい</c><55></c>,た
56.34,56.673,-1,0,<55></c><307>かたを</c><163>よせてあきるくらい</c><55></c>,を
56.34,56.673,-1,-1,<55></c><307>肩を</c><163>寄せて飽きるくらい</c><55></c>,を
56.673,56.974,-1,0,<55></c><307>かたをよ</c><163>せてあきるくらい</c><55></c>,よ
56.673,56.974,-1,-1,<55></c><307>肩を寄</c><163>せて飽きるくらい</c><55></c>,寄
56.974,57.174,-1,0,<55></c><307>かたをよせ</c><163>てあきるくらい</c><55></c>,せ
56.974,57.174,-1,-1,<55></c><307>肩を寄せ</c><163>て飽きるくらい</c><55></c>,せ
57.174,58.475,-1,0,<55></c><307>かたをよせて</c><163>あきるくらい</c><55></c>,て
57.174,58.475,-1,-1,<55></c><307>肩を寄せて</c><163>飽きるくらい</c><55></c>,て
58.475,58.609,-1,0,<55></c><307>かたをよせてあ</c><163>きるくらい</c><55></c>,あ
58.475,58.609,-1,-1,<55></c><307>肩を寄せて飽</c><163>きるくらい</c><55></c>,飽
58.609,58.942,-1,0,<55></c><307>かたをよせてあき</c><163>るくらい</c><55></c>,き
58.609,58.942,-1,-1,<55></c><307>肩を寄せて飽き</c><163>るくらい</c><55></c>,き
58.942,59.243,-1,0,<55></c><307>かたをよせてあきる</c><163>くらい</c><55></c>,る
58.942,59.243,-1,-1,<55></c><307>肩を寄せて飽きる</c><163>くらい</c><55></c>,る
59.243,59.576,-1,0,<55></c><307>かたをよせてあきるく</c><163>らい</c><55></c>,く
59.243,59.576,-1,-1,<55></c><307>肩を寄せて飽きるく</c><163>らい</c><55></c>,く
59.576,59.81,-1,0,<55></c><307>かたをよせてあきるくら</c><163>い</c><55></c>,ら
59.576,59.81,-1,-1,<55></c><307>肩を寄せて飽きるくら</c><163>い</c><55></c>,ら
59.81,60.177,-1,0,<55></c><307>かたをよせてあきるくらい</c><55></c>,い
59.81,60.177,-1,-1,<55></c><307>肩を寄せて飽きるくらい</c><55></c>,い
60.177,60.544,-1,0,<55></c><290>は</c><163>なそう</c><55></c>,は
60.177,60.844,-1,-1,<55></c><290>話</c><163>そう</c><55></c>,話
60.544,60.844,-1,0,<55></c><290>は</c><143>な</c><163>そう</c><55></c>,な
60.844,61.211,-1,0,<55></c><290>は</c><143>な</c><167>そ</c><163>う</c><55></c>,そ
60.844,61.211,-1,-1,<55></c><290>話</c><167>そ</c><163>う</c><55></c>,そ
61.211,64.148,-1,0,<55></c><290>は</c><143>な</c><167>そ</c><1>う</c><55></c>,う
61.211,64.148,-1,-1,<55></c><290>話</c><167>そ</c><1>う</c><55></c>,う
66.417,67.084,-1,0,<55></c><290>か</c><163>ぎりないおもいでぽけっとにつめこんで</c><55></c>,か
66.417,67.718,-1,-1,<55></c><290>限</c><163>りない想い出ポケットに詰め込んで</c><55></c>,限
67.084,67.718,-1,0,<55></c><290>か</c><274>ぎ</c><163>りないおもいでぽけっとにつめこんで</c><55></c>,ぎ
67.718,68.385,-1,0,<55></c><290>か</c><274>ぎ</c><250>り</c><163>ないおもいでぽけっとにつめこんで</c><55></c>,り
67.718,68.385,-1,-1,<55></c><290>限</c><250>り</c><163>ない想い出ポケットに詰め込んで</c><55></c>,り
68.385,69.053,-1,0,<55></c><290>か</c><274>ぎ</c><250>り</c><225>な</c><163>いおもいでぽけっとにつめこんで</c><55></c>,な
68.385,69.053,-1,-1,<55></c><290>限</c><250>り</c><225>な</c><163>い想い出ポケットに詰め込んで</c><55></c>,な
69.053,69.686,56,0,<55></c><290>か</c><274>ぎ</c><250>り</c><225>な</c><203>い</c><163>おもいでぽけっとにつめこんで</c><55></c>,い
69.053,69.686,-1,-1,<55></c><290>限</c><250>り</c><225>な</c><203>い</c><163>想い出ポケットに詰め込んで</c><55></c>,い
69.686,70.32,58,0,<55></c><290>か</c><274>ぎ</c><250>り</c><225>な</c><203>い</c><175>お</c><163>もいでぽけっとにつめこんで</c><55></c>,お
69.686,70.988,-1,-1,<55></c><290>限</c><250>り</c><225>な</c><203>い</c><175>想</c><163>い出ポケットに詰め込んで</c><55></c>,想
70.32,70.988,59,0,<55></c><290>か</c><274>ぎ</c><250>り</c><225>な</c><203>い</c><175>お</c><143>も</c><163>いでぽけっとにつめこんで</c><55></c>,も
70.988,71.655,61,0,<55></c><290>か</c><274>ぎ</c><250>り</c><225>な</c><203>い</c><175>お</c><143>も</c><110>い</c><163>でぽけっとにつめこんで</c><55></c>,い
70.988,71.655,-1,-1,<55></c><290>限</c><250>り</c><225>な</c><203>い</c><175>想</c><110>い</c><163>出ポケットに詰め込んで</c><55></c>,い
71.655,72.823,63,0,<55></c><290>か</c><274>ぎ</c><250>り</c><225>な</c><203>い</c><175>お</c><143>も</c><110>い</c><72>で</c><163>ぽけっとにつめこんで</c><55></c>,で
71.655,72.823,-1,-1,<55></c><290>限</c><250>り</c><225>な</c><203>い</c><175>想</c><110>い</c><72>出</c><163>ポケットに詰め込んで</c><55></c>,出
72.823,72.956,64,0,<55></c><290>か</c><274>ぎ</c><250>り</c><225>な</c><203>い</c><175>お</c><143>も</c><110>い</c><72>で</c><39>ぽ</c><163>けっとにつめこんで</c><55></c>,ぽ
72.823,72.956,-1,-1,<55></c><290>限</c><250>り</c><225>な</c><203>い</c><175>想</c><110>い</c><72>出</c><39>ポ</c><163>ケットに詰め込んで</c><55></c>,ポ
72.956,73.157,66,0,<55></c><290>か</c><274>ぎ</c><250>り</c><225>な</c><203>い</c><175>お</c><143>も</c><110>い</c><72>で</c><39>ぽ</c><82>け</c><163>っとにつめこんで</c><55></c>,け
72.956,73.157,-1,-1,<55></c><290>限</c><250>り</c><225>な</c><203>い</c><175>想</c><110>い</c><72>出</c><39>ポ</c><82>ケ</c><163>ットに詰め込んで</c><55></c>,ケ
73.157,73.29,67,0,<55></c><290>か</c><274>ぎ</c><250>り</c><225>な</c><203>い</c><175>お</c><143>も</c><110>い</c><72>で</c><39>ぽ</c><82>け</c><128>っ</c><163>とにつめこんで</c><55></c>,っ
73.157,73.29,56,-1,<55></c><290>限</c><250>り</c><225>な</c><203>い</c><175>想</c><110>い</c><72>出</c><39>ポ</c><82>ケ</c><128>ッ</c><163>トに詰め込んで</c><55></c>,ッ
73.29,73.59,69,0,<55></c><290>か</c><274>ぎ</c><250>り</c><225>な</c><203>い</c><175>お</c><143>も</c><110>い</c><72>で</c><39>ぽ</c><82>け</c><128>っ</c><167>と</c><163>につめこんで</c><55></c>,と
73.29,73.59,58,-1,<55></c><290>限</c><250>り</c><225>な</c><203>い</c><175>想</c><110>い</c><72>出</c><39>ポ</c><82>ケ</c><128>ッ</c><167>ト</c><163>に詰め込んで</c><55></c>,ト
73.59,73.924,70,0,<55></c><290>か</c><274>ぎ</c><250>り</c><225>な</c><203>い</c><175>お</c><143>も</c><110>い</c><72>で</c><39>ぽ</c><82>け</c><128>っ</c><167>と</c><235>に</c><163>つめこんで</c><55></c>,に
73.59,73.924,59,-1,<55></c><290>限</c><250>り</c><225>な</c><203>い</c><175>想</c><110>い</c><72>出</c><39>ポ</c><82>ケ</c><128>ッ</c><167>ト</c><235>に</c><163>詰め込んで</c><55></c>,に
73.924,74.258,72,0,<55></c><290>か</c><274>ぎ</c><250>り</c><225>な</c><203>い</c><175>お</c><143>も</c><110>い</c><72>で</c><39>ぽ</c><82>け</c><128>っ</c><167>と</c><235>に</c><179>つ</c><163>めこんで</c><55></c>,つ
73.924,74.258,61,-1,<55></c><290>限</c><250>り</c><225>な</c><203>い</c><175>想</c><110>い</c><72>出</c><39>ポ</c><82>ケ</c><128>ッ</c><167>ト</c><235>に</c><179>詰</c><163>め込んで</c><55></c>,詰
74.258,75.092,73,0,<55></c><290>か</c><274>ぎ</c><250>り</c><225>な</c><203>い</c><175>お</c><143>も</c><110>い</c><72>で</c><39>ぽ</c><82>け</c><128>っ</c><167>と</c><235>に</c><179>つ</c><75>め</c><163>こんで</c><55></c>,め
74.258,75.092,63,-1,<55></c><290>限</c><250>り</c><225>な</c><203>い</c><175>想</c><110>い</c><72>出</c><39>ポ</c><82>ケ</c><128>ッ</c><167>ト</c><235>に</c><179>詰</c><75>め</c><163>込んで</c><55></c>,め
75.092,75.225,75,0,<55></c><290>か</c><274>ぎ</c><250>り</c><225>な</c><203>い</c><175>お</c><143>も</c><110>い</c><72>で</c><39>ぽ</c><82>け</c><128>っ</c><167>と</c><235>に</c><179>つ</c><75>め</c><29>こ</c><163>んで</c><55></c>,こ
75.092,75.225,64,-1,<55></c><290>限</c><250>り</c><225>な</c><203>い</c><175>想</c><110>い</c><72>出</c><39>ポ</c><82>ケ</c><128>ッ</c><167>ト</c><235>に</c><179>詰</c><75>め</c><29>込</c><163>んで</c><55></c>,込
75.225,75.426,77,0,<55></c><290>か</c><274>ぎ</c><250>り</c><225>な</c><203>い</c><175>お</c><143>も</c><110>い</c><72>で</c><39>ぽ</c><82>け</c><128>っ</c><167>と</c><235>に</c><179>つ</c><75>め</c><29>こ</c><12>ん</c><163>で</c><55></c>,ん
75.225,75.426,66,-1,<55></c><290>限</c><250>り</c><225>な</c><203>い</c><175>想</c><110>い</c><72>出</c><39>ポ</c><82>ケ</c><128>ッ</c><167>ト</c><235>に</c><179>詰</c><75>め</c><29>込</c><12>ん</c><163>で</c><55></c>,ん
75.426,76.193,77,0,<55></c><290>か</c><274>ぎ</c><250>り</c><225>な</c><203>い</c><175>お</c><143>も</c><110>い</c><72>で</c><39>ぽ</c><82>け</c><128>っ</c><167>と</c><235>に</c><179>つ</c><75>め</c><29>こ</c><12>ん</c><1>で</c><55></c>,で
75.426,76.193,66,-1,<55></c><290>限</c><250>り</c><225>な</c><203>い</c><175>想</c><110>い</c><72>出</c><39>ポ</c><82>ケ</c><128>ッ</c><167>ト</c><235>に</c><179>詰</c><75>め</c><29>込</c><12>ん</c><1>で</c><55></c>,で
76.193,76.427,-1,0,<55></c><290>く</c><163>じけそうなときもともにささえあえる</c><55></c>,く
76.193,76.56,-1,-1,<55></c><290>挫</c><163>けそうな時も共に支え合える</c><55></c>,挫
76.427,76.56,-1,0,<55></c><290>く</c><272>じ</c><163>けそうなときもともにささえあえる</c><55></c>,じ
76.56,76.76,-1,0,<55></c><290>く</c><272>じ</c><248>け</c><163>そうなときもともにささえあえる</c><55></c>,け
76.56,76.76,-1,-1,<55></c><290>挫</c><248>け</c><163>そうな時も共に支え合える</c><55></c>,け
76.76,77.027,56,0,<55></c><290>く</c><272>じ</c><248>け</c><223>そ</c><163>うなときもともにささえあえる</c><55></c>,そ
76.76,77.027,-1,-1,<55></c><290>挫</c><248>け</c><223>そ</c><163>うな時も共に支え合える</c><55></c>,そ
77.027,77.194,58,0,<55></c><290>く</c><272>じ</c><248>け</c><223>そ</c><196>う</c><163>なときもともにささえあえる</c><55></c>,う
77.027,77.194,-1,-1,<55></c><290>挫</c><248>け</c><223>そ</c><196>う</c><163>な時も共に支え合える</c><55></c>,う
77.194,77.494,59,0,<55></c><290>く</c><272>じ</c><248>け</c><223>そ</c><196>う</c><166>な</c><163>ときもともにささえあえる</c><55></c>,な
77.194,77.494,-1,-1,<55></c><290>挫</c><248>け</c><223>そ</c><196>う</c><166>な</c><163>時も共に支え合える</c><55></c>,な
77.494,77.828,61,0,<55></c><290>く</c><272>じ</c><248>け</c><223>そ</c><196>う</c><166>な</c><134>と</c><163>きもともにささえあえる</c><55></c>,と
77.494,78.062,-1,-1,<55></c><290>挫</c><248>け</c><223>そ</c><196>う</c><166>な</c><134>時</c><163>も共に支え合える</c><55></c>,時
77.828,78.062,63,0,<55></c><290>く</c><272>じ</c><248>け</c><223>そ</c><196>う</c><166>な</c><134>と</c><94>き</c><163>もともにささえあえる</c><55></c>,き
78.062,78.829,64,0,<55></c><290>く</c><272>じ</c><248>け</c><223>そ</c><196>う</c><166>な</c><134>と</c><94>き</c><56>も</c><163>ともにささえあえる</c><55></c>,も
78.062,78.829,-1,-1,<55></c><290>挫</c><248>け</c><223>そ</c><196>う</c><166>な</c><134>時</c><56>も</c><163>共に支え合える</c><55></c>,も
78.829,79.029,66,0,<55></c><290>く</c><272>じ</c><248>け</c><223>そ</c><196>う</c><166>な</c><134>と</c><94>き</c><56>も</c><61>と</c><163>もにささえあえる</c><55></c>,と
78.829,79.129,-1,-1,<55></c><290>挫</c><248>け</c><223>そ</c><196>う</c><166>な</c><134>時</c><56>も</c><61>共</c><163>に支え合える</c><55></c>,共
79.029,79.129,67,0,<55></c><290>く</c><272>じ</c><248>け</c><223>そ</c><196>う</c><166>な</c><134>と</c><94>き</c><56>も</c><61>と</c><108>も</c><163>にささえあえる</c><55></c>,も
79.129,79.363,69,0,<55></c><290>く</c><272>じ</c><248>け</c><223>そ</c><196>う</c><166>な</c><134>と</c><94>き</c><56>も</c><61>と</c><108>も</c><153>に</c><163>ささえあえる</c><55></c>,に
79.129,79.363,-1,-1,<55></c><290>挫</c><248>け</c><223>そ</c><196>う</c><166>な</c><134>時</c><56>も</c><61>共</c><153>に</c><163>支え合える</c><55></c>,に
79.363,79.463,70,0,<55></c><290>く</c><272>じ</c><248>け</c><223>そ</c><196>う</c><166>な</c><134>と</c><94>き</c><56>も</c><61>と</c><108>も</c><153>に</c><198>さ</c><163>さえあえる</c><55></c>,さ
79.363,79.797,-1,-1,<55></c><290>挫</c><248>け</c><223>そ</c><196>う</c><166>な</c><134>時</c><56>も</c><61>共</c><153>に</c><198>支</c><163>え合える</c><55></c>,支
79.463,79.797,72,0,<55></c><290>く</c><272>じ</c><248>け</c><223>そ</c><196>う</c><166>な</c><134>と</c><94>き</c><56>も</c><61>と</c><108>も</c><153>に</c><198>さ</c><219>さ</c><163>えあえる</c><55></c>,さ
79.797,80.13,73,0,<55></c><290>く</c><272>じ</c><248>け</c><223>そ</c><196>う</c><166>な</c><134>と</c><94>き</c><56>も</c><61>と</c><108>も</c><153>に</c><198>さ</c><219>さ</c><95>え</c><163>あえる</c><55></c>,え
79.797,80.13,-1,-1,<55></c><290>挫</c><248>け</c><223>そ</c><196>う</c><166>な</c><134>時</c><56>も</c><61>共</c><153>に</c><198>支</c><95>え</c><163>合える</c><55></c>,え
80.13,80.464,75,0,<55></c><290>く</c><272>じ</c><248>け</c><223>そ</c><196>う</c><166>な</c><134>と</c><94>き</c><56>も</c><61>と</c><108>も</c><153>に</c><198>さ</c><219>さ</c><95>え</c><30>あ</c><163>える</c><55></c>,あ
80.13,80.464,-1,-1,<55></c><290>挫</c><248>け</c><223>そ</c><196>う</c><166>な</c><134>時</c><56>も</c><61>共</c><153>に</c><198>支</c><95>え</c><30>合</c><163>える</c><55></c>,合
80.464,80.697,77,0,<55></c><290>く</c><272>じ</c><248>け</c><223>そ</c><196>う</c><166>な</c><134>と</c><94>き</c><56>も</c><61>と</c><108>も</c><153>に</c><198>さ</c><219>さ</c><95>え</c><30>あ</c><13>え</c><163>る</c><55></c>,え
80.464,80.697,56,-1,<55></c><290>挫</c><248>け</c><223>そ</c><196>う</c><166>な</c><134>時</c><56>も</c><61>共</c><153>に</c><198>支</c><95>え</c><30>合</c><13>え</c><163>る</c><55></c>,え
80.697,81.965,77,0,<55></c><290>く</c><272>じ</c><248>け</c><223>そ</c><196>う</c><166>な</c><134>と</c><94>き</c><56>も</c><61>と</c><108>も</c><153>に</c><198>さ</c><219>さ</c><95>え</c><30>あ</c><13>え</c><1>る</c><55></c>,る
80.697,81.965,56,-1,<55></c><290>挫</c><248>け</c><223>そ</c><196>う</c><166>な</c><134>時</c><56>も</c><61>共</c><153>に</c><198>支</c><95>え</c><30>合</c><13>え</c><1>る</c><55></c>,る
81.965,82.099,-1,0,<55></c><1>た</c><163>いせつふぉとぐらふ</c><55></c>,た
81.965,82.433,-1,-1,<55></c><1>大</c><163>切フォトグラフ</c><55></c>,大
82.099,82.433,-1,0,<55></c><1>たい</c><163>せつふぉとぐらふ</c><55></c>,い
82.433,82.733,-1,0,<55></c><1>たいせ</c><163>つふぉとぐらふ</c><55></c>,せ
82.433,83.067,-1,-1,<55></c><1>大切</c><163>フォトグラフ</c><55></c>,切
82.733,83.067,-1,0,<55></c><1>たいせつ</c><163>ふぉとぐらふ</c><55></c>,つ
83.067,83.4,-1,0,<55></c><1>たいせつふぉ</c><163>とぐらふ</c><55></c>,ふぉ
83.067,83.4,-1,-1,<55></c><1>大切フォ</c><163>トグラフ</c><55></c>,フォ
83.4,83.934,-1,0,<55></c><1>たいせつふぉと</c><163>ぐらふ</c><55></c>,と
83.4,83.934,-1,-1,<55></c><1>大切フォト</c><163>グラフ</c><55></c>,ト
83.934,84.034,-1,0,<55></c><1>たいせつふぉとぐ</c><163>らふ</c><55></c>,ぐ
83.934,84.034,-1,-1,<55></c><1>大切フォトグ</c><163>ラフ</c><55></c>,グ
84.034,84.301,-1,0,<55></c><1>たいせつふぉとぐら</c><163>ふ</c><55></c>,ら
84.034,84.301,-1,-1,<55></c><1>大切フォトグラ</c><163>フ</c><55></c>,ラ
84.301,84.701,-1,0,<55></c><1>たいせつふぉとぐらふ</c><55></c>,ふ
84.301,84.701,-1,-1,<55></c><1>大切フォトグラフ</c><55></c>,フ
84.701,85.369,61,0,<55></c><290>は</c><163>るかみらいのさきへこれからもいっしょだよ</c><55></c>,は
84.701,86.003,-1,-1,<55></c><290>遥</c><163>か未来の先へこれからも一緒だよ</c><55></c>,遥
85.369,86.003,63,0,<55></c><290>は</c><277>る</c><163>かみらいのさきへこれからもいっしょだよ</c><55></c>,る
86.003,86.637,64,0,<55></c><290>は</c><277>る</c><256>か</c><163>みらいのさきへこれからもいっしょだよ</c><55></c>,か
86.003,86.637,-1,-1,<55></c><290>遥</c><253>か</c><163>未来の先へこれからも一緒だよ</c><55></c>,か
86.637,87.304,66,0,<55></c><290>は</c><277>る</c><256>か</c><233>み</c><163>らいのさきへこれからもいっしょだよ</c><55></c>,み
86.637,87.304,-1,-1,<55></c><290>遥</c><253>か</c><228>未</c><163>来の先へこれからも一緒だよ</c><55></c>,未
87.304,87.738,67,0,<55></c><290>は</c><277>る</c><256>か</c><233>み</c><212>ら</c><163>いのさきへこれからもいっしょだよ</c><55></c>,ら
87.304,87.938,-1,-1,<55></c><290>遥</c><253>か</c><228>未</c><206>来</c><163>の先へこれからも一緒だよ</c><55></c>,来
87.738,87.938,69,0,<55></c><290>は</c><277>る</c><256>か</c><233>み</c><212>ら</c><192>い</c><163>のさきへこれからもいっしょだよ</c><55></c>,い
87.938,88.605,70,0,<55></c><290>は</c><277>る</c><256>か</c><233>み</c><212>ら</c><192>い</c><164>の</c><163>さきへこれからもいっしょだよ</c><55></c>,の
87.938,88.605,-1,-1,<55></c><290>遥</c><253>か</c><228>未</c><206>来</c><154>の</c><163>先へこれからも一緒だよ</c><55></c>,の
88.605,89.239,72,0,<55></c><290>は</c><277>る</c><256>か</c><233>み</c><212>ら</c><192>い</c><164>の</c><135>さ</c><163>きへこれからもいっしょだよ</c><55></c>,さ
88.605,89.907,-1,-1,<55></c><290>遥</c><253>か</c><228>未</c><206>来</c><154>の</c><122>先</c><163>へこれからも一緒だよ</c><55></c>,先
89.239,89.907,73,0,<55></c><290>は</c><277>る</c><256>か</c><233>み</c><212>ら</c><192>い</c><164>の</c><135>さ</c><103>き</c><163>へこれからもいっしょだよ</c><55></c>,き
89.907,91.108,75,0,<55></c><290>は</c><277>る</c><256>か</c><233>み</c><212>ら</c><192>い</c><164>の</c><135>さ</c><103>き</c><70>へ</c><163>これからもいっしょだよ</c><55></c>,へ
89.907,91.108,-1,-1,<55></c><290>遥</c><253>か</c><228>未</c><206>来</c><154>の</c><122>先</c><54>へ</c><163>これからも一緒だよ</c><55></c>,へ
91.108,91.241,77,0,<55></c><290>は</c><277>る</c><256>か</c><233>み</c><212>ら</c><192>い</c><164>の</c><135>さ</c><103>き</c><70>へ</c><39>こ</c><163>れからもいっしょだよ</c><55></c>,こ
91.108,91.241,-1,-1,<55></c><290>遥</c><253>か</c><228>未</c><206>来</c><154>の</c><122>先</c><54>へ</c><60>こ</c><163>れからも一緒だよ</c><55></c>,こ
91.241,91.542,78,0,<55></c><290>は</c><277>る</c><256>か</c><233>み</c><212>ら</c><192>い</c><164>の</c><135>さ</c><103>き</c><70>へ</c><39>こ</c><78>れ</c><163>からもいっしょだよ</c><55></c>,れ
91.241,91.542,-1,-1,<55></c><290>遥</c><253>か</c><228>未</c><206>来</c><154>の</c><122>先</c><54>へ</c><60>こ</c><102>れ</c><163>からも一緒だよ</c><55></c>,れ
91.542,91.842,80,0,<55></c><290>は</c><277>る</c><256>か</c><233>み</c><212>ら</c><192>い</c><164>の</c><135>さ</c><103>き</c><70>へ</c><39>こ</c><78>れ</c><119>か</c><163>らもいっしょだよ</c><55></c>,か
91.542,91.842,-1,-1,<55></c><290>遥</c><253>か</c><228>未</c><206>来</c><154>の</c><122>先</c><54>へ</c><60>こ</c><102>れ</c><141>か</c><163>らも一緒だよ</c><55></c>,か
91.842,92.176,81,0,<55></c><290>は</c><277>る</c><256>か</c><233>み</c><212>ら</c><192>い</c><164>の</c><135>さ</c><103>き</c><70>へ</c><39>こ</c><78>れ</c><119>か</c><155>ら</c><163>もいっしょだよ</c><55></c>,ら
91.842,92.176,56,-1,<55></c><290>遥</c><253>か</c><228>未</c><206>来</c><154>の</c><122>先</c><54>へ</c><60>こ</c><102>れ</c><141>か</c><180>ら</c><163>も一緒だよ</c><55></c>,ら
92.176,92.509,83,0,<55></c><290>は</c><277>る</c><256>か</c><233>み</c><212>ら</c><192>い</c><164>の</c><135>さ</c><103>き</c><70>へ</c><39>こ</c><78>れ</c><119>か</c><155>ら</c><191>も</c><163>いっしょだよ</c><55></c>,も
92.176,92.509,58,-1,<55></c><290>遥</c><253>か</c><228>未</c><206>来</c><154>の</c><122>先</c><54>へ</c><60>こ</c><102>れ</c><141>か</c><180>ら</c><267>も</c><163>一緒だよ</c><55></c>,も
92.509,93.11,84,0,<55></c><290>は</c><277>る</c><256>か</c><233>み</c><212>ら</c><192>い</c><164>の</c><135>さ</c><103>き</c><70>へ</c><39>こ</c><78>れ</c><119>か</c><155>ら</c><191>も</c><307>い</c><163>っしょだよ</c><55></c>,い
92.509,93.377,59,-1,<55></c><290>遥</c><253>か</c><228>未</c><206>来</c><154>の</c><122>先</c><54>へ</c><60>こ</c><102>れ</c><141>か</c><180>ら</c><267>も</c><159>一</c><163>緒だよ</c><55></c>,一
93.11,93.377,86,0,<55></c><290>は</c><277>る</c><256>か</c><233>み</c><212>ら</c><192>い</c><164>の</c><135>さ</c><103>き</c><70>へ</c><39>こ</c><78>れ</c><119>か</c><155>ら</c><191>も</c><307>い</c><139>っ</c><163>しょだよ</c><55></c>,っ
93.377,93.51,89,0,<55></c><290>は</c><277>る</c><256>か</c><233>み</c><212>ら</c><192>い</c><164>の</c><135>さ</c><103>き</c><70>へ</c><39>こ</c><78>れ</c><119>か</c><155>ら</c><191>も</c><307>い</c><139>っ</c><41>し</c><25>ょ</c><163>だよ</c><55></c>,しょ
93.377,93.51,61,-1,<55></c><290>遥</c><253>か</c><228>未</c><206>来</c><154>の</c><122>先</c><54>へ</c><60>こ</c><102>れ</c><141>か</c><180>ら</c><267>も</c><159>一</c><28>緒</c><163>だよ</c><55></c>,緒
93.51,93.71,91,0,<55></c><290>は</c><277>る</c><256>か</c><233>み</c><212>ら</c><192>い</c><164>の</c><135>さ</c><103>き</c><70>へ</c><39>こ</c><78>れ</c><119>か</c><155>ら</c><191>も</c><307>い</c><139>っ</c><41>し</c><25>ょ</c><9>だ</c><163>よ</c><55></c>,だ
93.51,93.71,63,-1,<55></c><290>遥</c><253>か</c><228>未</c><206>来</c><154>の</c><122>先</c><54>へ</c><60>こ</c><102>れ</c><141>か</c><180>ら</c><267>も</c><159>一</c><28>緒</c><11>だ</c><163>よ</c><55></c>,だ
93.71,94.445,91,0,<55></c><290>は</c><277>る</c><256>か</c><233>み</c><212>ら</c><192>い</c><164>の</c><135>さ</c><103>き</c><70>へ</c><39>こ</c><78>れ</c><119>か</c><155>ら</c><191>も</c><307>い</c><139>っ</c><41>し</c><25>ょ</c><9>だ</c><1>よ</c><55></c>,よ
93.71,94.445,63,-1,<55></c><290>遥</c><253>か</c><228>未</c><206>来</c><154>の</c><122>先</c><54>へ</c><60>こ</c><102>れ</c><141>か</c><180>ら</c><267>も</c><159>一</c><28>緒</c><11>だ</c><1>よ</c><55></c>,よ
94.445,94.645,-1,0,<55></c><290>お</c><163>もいっきりわらおうてをつなぎうたおう</c><55></c>,お
94.445,94.778,-1,-1,<55></c><290>思</c><163>いっきり笑おう手を繋ぎ歌おう</c><55></c>,思
94.645,94.778,-1,0,<55></c><290>お</c><274>も</c><163>いっきりわらおうてをつなぎうたおう</c><55></c>,も
94.778,94.912,-1,0,<55></c><290>お</c><274>も</c><250>い</c><163>っきりわらおうてをつなぎうたおう</c><55></c>,い
94.778,94.912,-1,-1,<55></c><290>思</c><250>い</c><163>っきり笑おう手を繋ぎ歌おう</c><55></c>,い
94.912,94.978,56,0,<55></c><290>お</c><274>も</c><250>い</c><225>っ</c><163>きりわらおうてをつなぎうたおう</c><55></c>,っ
94.912,94.978,-1,-1,<55></c><290>思</c><250>い</c><225>っ</c><163>きり笑おう手を繋ぎ歌おう</c><55></c>,っ
94.978,95.112,58,0,<55></c><290>お</c><274>も</c><250>い</c><225>っ</c><203>き</c><163>りわらおうてをつなぎうたおう</c><55></c>,き
94.978,95.112,-1,-1,<55></c><290>思</c><250>い</c><225>っ</c><203>き</c><163>り笑おう手を繋ぎ歌おう</c><55></c>,き
95.112,95.412,59,0,<55></c><290>お</c><274>も</c><250>い</c><225>っ</c><203>き</c><175>り</c><163>わらおうてをつなぎうたおう</c><55></c>,り
95.112,95.412,-1,-1,<55></c><290>思</c><250>い</c><225>っ</c><203>き</c><175>り</c><163>笑おう手を繋ぎ歌おう</c><55></c>,り
95.412,95.712,61,0,<55></c><290>お</c><274>も</c><250>い</c><225>っ</c><203>き</c><175>り</c><143>わ</c><163>らおうてをつなぎうたおう</c><55></c>,わ
95.412,96.08,-1,-1,<55></c><290>思</c><250>い</c><225>っ</c><203>き</c><175>り</c><143>笑</c><163>おう手を繋ぎ歌おう</c><55></c>,笑
95.712,96.08,63,0,<55></c><290>お</c><274>も</c><250>い</c><225>っ</c><203>き</c><175>り</c><143>わ</c><110>ら</c><163>おうてをつなぎうたおう</c><55></c>,ら
96.08,96.313,64,0,<55></c><290>お</c><274>も</c><250>い</c><225>っ</c><203>き</c><175>り</c><143>わ</c><110>ら</c><72>お</c><163>うてをつなぎうたおう</c><55></c>,お
96.08,96.313,-1,-1,<55></c><290>思</c><250>い</c><225>っ</c><203>き</c><175>り</c><143>笑</c><72>お</c><163>う手を繋ぎ歌おう</c><55></c>,お
96.313,97.047,66,0,<55></c><290>お</c><274>も</c><250>い</c><225>っ</c><203>き</c><175>り</c><143>わ</c><110>ら</c><72>お</c><39>う</c><163>てをつなぎうたおう</c><55></c>,う
96.313,97.047,-1,-1,<55></c><290>思</c><250>い</c><225>っ</c><203>き</c><175>り</c><143>笑</c><72>お</c><39>う</c><163>手を繋ぎ歌おう</c><55></c>,う
97.047,97.247,67,0,<55></c><290>お</c><274>も</c><250>い</c><225>っ</c><203>き</c><175>り</c><143>わ</c><110>ら</c><72>お</c><39>う</c><82>て</c><163>をつなぎうたおう</c><55></c>,て
97.047,97.247,-1,-1,<55></c><290>思</c><250>い</c><225>っ</c><203>き</c><175>り</c><143>笑</c><72>お</c><39>う</c><82>手</c><163>を繋ぎ歌おう</c><55></c>,手
97.247,97.414,69,0,<55></c><290>お</c><274>も</c><250>い</c><225>っ</c><203>き</c><175>り</c><143>わ</c><110>ら</c><72>お</c><39>う</c><82>て</c><128>を</c><163>つなぎうたおう</c><55></c>,を
97.247,97.414,-1,-1,<55></c><290>思</c><250>い</c><225>っ</c><203>き</c><175>り</c><143>笑</c><72>お</c><39>う</c><82>手</c><128>を</c><163>繋ぎ歌おう</c><55></c>,を
97.414,97.581,70,0,<55></c><290>お</c><274>も</c><250>い</c><225>っ</c><203>き</c><175>り</c><143>わ</c><110>ら</c><72>お</c><39>う</c><82>て</c><128>を</c><167>つ</c><163>なぎうたおう</c><55></c>,つ
97.414,97.714,-1,-1,<55></c><290>思</c><250>い</c><225>っ</c><203>き</c><175>り</c><143>笑</c><72>お</c><39>う</c><82>手</c><128>を</c><167>繋</c><163>ぎ歌おう</c><55></c>,繋
97.581,97.714,72,0,<55></c><290>お</c><274>も</c><250>い</c><225>っ</c><203>き</c><175>り</c><143>わ</c><110>ら</c><72>お</c><39>う</c><82>て</c><128>を</c><167>つ</c><235>な</c><163>ぎうたおう</c><55></c>,な
97.714,98.015,73,0,<55></c><290>お</c><274>も</c><250>い</c><225>っ</c><203>き</c><175>り</c><143>わ</c><110>ら</c><72>お</c><39>う</c><82>て</c><128>を</c><167>つ</c><235>な</c><179>ぎ</c><163>うたおう</c><55></c>,ぎ
97.714,98.015,56,-1,<55></c><290>思</c><250>い</c><225>っ</c><203>き</c><175>り</c><143>笑</c><72>お</c><39>う</c><82>手</c><128>を</c><167>繋</c><179>ぎ</c><163>歌おう</c><55></c>,ぎ
98.015,98.348,75,0,<55></c><290>お</c><274>も</c><250>い</c><225>っ</c><203>き</c><175>り</c><143>わ</c><110>ら</c><72>お</c><39>う</c><82>て</c><128>を</c><167>つ</c><235>な</c><179>ぎ</c><75>う</c><163>たおう</c><55></c>,う
98.015,98.682,58,-1,<55></c><290>思</c><250>い</c><225>っ</c><203>き</c><175>り</c><143>笑</c><72>お</c><39>う</c><82>手</c><128>を</c><167>繋</c><179>ぎ</c><75>歌</c><163>おう</c><55></c>,歌
98.348,98.682,77,0,<55></c><290>お</c><274>も</c><250>い</c><225>っ</c><203>き</c><175>り</c><143>わ</c><110>ら</c><72>お</c><39>う</c><82>て</c><128>を</c><167>つ</c><235>な</c><179>ぎ</c><75>う</c><29>た</c><163>おう</c><55></c>,た
98.682,99.116,78,0,<55></c><290>お</c><274>も</c><250>い</c><225>っ</c><203>き</c><175>り</c><143>わ</c><110>ら</c><72>お</c><39>う</c><82>て</c><128>を</c><167>つ</c><235>な</c><179>ぎ</c><75>う</c><29>た</c><12>お</c><163>う</c><55></c>,お
98.682,99.116,59,-1,<55></c><290>思</c><250>い</c><225>っ</c><203>き</c><175>り</c><143>笑</c><72>お</c><39>う</c><82>手</c><128>を</c><167>繋</c><179>ぎ</c><75>歌</c><12>お</c><163>う</c><55></c>,お
99.116,99.65,78,0,<55></c><290>お</c><274>も</c><250>い</c><225>っ</c><203>き</c><175>り</c><143>わ</c><110>ら</c><72>お</c><39>う</c><82>て</c><128>を</c><167>つ</c><235>な</c><179>ぎ</c><75>う</c><29>た</c><12>お</c><1>う</c><55></c>,う
99.116,99.65,59,-1,<55></c><290>思</c><250>い</c><225>っ</c><203>き</c><175>り</c><143>笑</c><72>お</c><39>う</c><82>手</c><128>を</c><167>繋</c><179>ぎ</c><75>歌</c><12>お</c><1>う</c><55></c>,う
99.65,100.017,-1,0,<55></c><290>こ</c><163>のいっしゅんがいつまでもだいすき</c><55></c>,こ
99.65,100.017,-1,-1,<55></c><290>こ</c><163>の一瞬がいつまでも大好き</c><55></c>,こ
100.017,100.317,-1,0,<55></c><290>こ</c><271>の</c><163>いっしゅんがいつまでもだいすき</c><55></c>,の
100.017,100.317,-1,-1,<55></c><290>こ</c><269>の</c><163>一瞬がいつまでも大好き</c><55></c>,の
100.317,100.651,-1,0,<55></c><290>こ</c><271>の</c><243>い</c><163>っしゅんがいつまでもだいすき</c><55></c>,い
100.317,100.984,-1,-1,<55></c><290>こ</c><269>の</c><239>一</c><163>瞬がいつまでも大好き</c><55></c>,一
100.651,100.984,-1,0,<55></c><290>こ</c><271>の</c><243>い</c><214>っ</c><163>しゅんがいつまでもだいすき</c><55></c>,っ
100.984,101.318,-1,0,<55></c><290>こ</c><271>の</c><243>い</c><214>っ</c><192>し</c><157>ゅ</c><163>んがいつまでもだいすき</c><55></c>,しゅ
100.984,101.518,-1,-1,<55></c><290>こ</c><269>の</c><239>一</c><181>瞬</c><163>がいつまでも大好き</c><55></c>,瞬
101.318,101.518,56,0,<55></c><290>こ</c><271>の</c><243>い</c><214>っ</c><192>し</c><157>ゅ</c><118>ん</c><163>がいつまでもだいすき</c><55></c>,ん
101.518,102.786,58,0,<55></c><290>こ</c><271>の</c><243>い</c><214>っ</c><192>し</c><157>ゅ</c><118>ん</c><77>が</c><163>いつまでもだいすき</c><55></c>,が
101.518,102.786,-1,-1,<55></c><290>こ</c><269>の</c><239>一</c><181>瞬</c><103>が</c><163>いつまでも大好き</c><55></c>,が
102.786,102.92,59,0,<55></c><290>こ</c><271>の</c><243>い</c><214>っ</c><192>し</c><157>ゅ</c><118>ん</c><77>が</c><39>い</c><163>つまでもだいすき</c><55></c>,い
102.786,102.92,-1,-1,<55></c><290>こ</c><269>の</c><239>一</c><181>瞬</c><103>が</c><58>い</c><163>つまでも大好き</c><55></c>,い
102.92,103.253,61,0,<55></c><290>こ</c><271>の</c><243>い</c><214>っ</c><192>し</c><157>ゅ</c><118>ん</c><77>が</c><39>い</c><86>つ</c><163>までもだいすき</c><55></c>,つ
102.92,103.253,-1,-1,<55></c><290>こ</c><269>の</c><239>一</c><181>瞬</c><103>が</c><58>い</c><64>つ</c><163>までも大好き</c><55></c>,つ
103.253,103.587,63,0,<55></c><290>こ</c><271>の</c><243>い</c><214>っ</c><192>し</c><157>ゅ</c><118>ん</c><77>が</c><39>い</c><86>つ</c><137>ま</c><163>でもだいすき</c><55></c>,ま
103.253,103.587,-1,-1,<55></c><290>こ</c><269>の</c><239>一</c><181>瞬</c><103>が</c><58>い</c><64>つ</c><119>ま</c><163>でも大好き</c><55></c>,ま
103.587,103.887,64,0,<55></c><290>こ</c><271>の</c><243>い</c><214>っ</c><192>し</c><157>ゅ</c><118>ん</c><77>が</c><39>い</c><86>つ</c><137>ま</c><182>で</c><163>もだいすき</c><55></c>,で
103.587,103.887,-1,-1,<55></c><290>こ</c><269>の</c><239>一</c><181>瞬</c><103>が</c><58>い</c><64>つ</c><119>ま</c><167>で</c><163>も大好き</c><55></c>,で
103.887,104.221,66,0,<55></c><290>こ</c><271>の</c><243>い</c><214>っ</c><192>し</c><157>ゅ</c><118>ん</c><77>が</c><39>い</c><86>つ</c><137>ま</c><182>で</c><307>も</c><163>だいすき</c><55></c>,も
103.887,104.221,-1,-1,<55></c><290>こ</c><269>の</c><239>一</c><181>瞬</c><103>が</c><58>い</c><64>つ</c><119>ま</c><167>で</c><261>も</c><163>大好き</c><55></c>,も
104.221,104.922,67,0,<55></c><290>こ</c><271>の</c><243>い</c><214>っ</c><192>し</c><157>ゅ</c><118>ん</c><77>が</c><39>い</c><86>つ</c><137>ま</c><182>で</c><307>も</c><117>だ</c><163>いすき</c><55></c>,だ
104.221,105.255,-1,-1,<55></c><290>こ</c><269>の</c><239>一</c><181>瞬</c><103>が</c><58>い</c><64>つ</c><119>ま</c><167>で</c><261>も</c><139>大</c><163>好き</c><55></c>,大
104.922,105.255,69,0,<55></c><290>こ</c><271>の</c><243>い</c><214>っ</c><192>し</c><157>ゅ</c><118>ん</c><77>が</c><39>い</c><86>つ</c><137>ま</c><182>で</c><307>も</c><117>だ</c><32>い</c><163>すき</c><55></c>,い
105.255,105.456,70,0,<55></c><290>こ</c><271>の</c><243>い</c><214>っ</c><192>し</c><157>ゅ</c><118>ん</c><77>が</c><39>い</c><86>つ</c><137>ま</c><182>で</c><307>も</c><117>だ</c><32>い</c><14>す</c><163>き</c><55></c>,す
105.255,105.456,-1,-1,<55></c><290>こ</c><269>の</c><239>一</c><181>瞬</c><103>が</c><58>い</c><64>つ</c><119>ま</c><167>で</c><261>も</c><139>大</c><16>好</c><163>き</c><55></c>,好
105.456,107.825,70,0,<55></c><290>こ</c><271>の</c><243>い</c><214>っ</c><192>し</c><157>ゅ</c><118>ん</c><77>が</c><39>い</c><86>つ</c><137>ま</c><182>で</c><307>も</c><117>だ</c><32>い</c><14>す</c><1>き</c><55></c>,き
105.456,107.825,-1,-1,<55></c><290>こ</c><269>の</c><239>一</c><181>瞬</c><103>が</c><58>い</c><64>つ</c><119>ま</c><167>で</c><261>も</c><139>大</c><16>好</c><1>き</c><55></c>,き
105.522,108.158,-1,7,<55></c><290>c</c><259>h</c><225>o</c><192>r</c><143>u</c><90>s</c><39>:</c><106>r</c><167>i</c><307>c</c><75>o</c><21>n</c><1>o</c><55></c>,chorus:ricono
108.158,110.761,97,0,<55></c><290>r</c><288>e</c><276>c</c><263>o</c><255>r</c><242>d</c><232>i</c><221>n</c><210>g</c><200>&amp;</c><190>m</c><170>i</c><158>x</c><143>i</c><129>n</c><113>g</c><100>e</c><79>n</c><62>g</c><42>i</c><44>n</c><69>e</c><89>e</c><112>r</c><131>:</c><146>菊</c><167>池</c><186>司</c><231>（</c><286>a</c><193>r</c><145>t</c><101>e</c><47>r</c><33>e</c><26>f</c><19>a</c><10>c</c><2>t</c><1>）</c><55></c>,recording&amp;mixingengineer:菊池司（arterefact）
110.761,113.363,97,0,<55></c><290>r</c><280>e</c><262>c</c><244>o</c><226>r</c><212>d</c><195>i</c><171>n</c><149>g</c><130>s</c><103>t</c><74>u</c><48>d</c><51>i</c><84>o</c><119>:</c><146>s</c><177>t</c><230>u</c><246>d</c><139>i</c><63>o</c><31>a</c><20>r</c><7>t</c><1>e</c><55></c>,recordingstudio:studioarte
113.363,115.999,88,0,<55></c><290>m</c><278>i</c><258>x</c><238>i</c><216>n</c><201>g</c><178>s</c><152>t</c><124>u</c><99>d</c><65>i</c><39>o</c><73>:</c><111>s</c><144>t</c><176>u</c><247>d</c><189>i</c><105>o</c><36>a</c><22>r</c><8>t</c><1>e</c><55></c>,mixingstudio:studioarte
116.633,116.967,-1,0,<55></c><290>た</c><163>ちどまっておちこむひも</c><55></c>,た
116.633,116.967,-1,-1,<55></c><290>立</c><163>ち止まって落ち込む日も</c><55></c>,立
116.967,117.301,-1,0,<55></c><290>た</c><289>ち</c><163>どまっておちこむひも</c><55></c>,ち
116.967,117.301,-1,-1,<55></c><290>立</c><289>ち</c><163>止まって落ち込む日も</c><55></c>,ち
117.301,117.601,-1,0,<55></c><290>た</c><289>ち</c><278>ど</c><163>まっておちこむひも</c><55></c>,ど
117.301,117.601,-1,-1,<55></c><290>立</c><289>ち</c><278>止</c><163>まって落ち込む日も</c><55></c>,止
117.601,117.935,-1,0,<55></c><290>た</c><289>ち</c><278>ど</c><268>ま</c><163>っておちこむひも</c><55></c>,ま
117.601,117.935,-1,-1,<55></c><290>立</c><289>ち</c><278>止</c><268>ま</c><163>って落ち込む日も</c><55></c>,ま
117.935,118.268,-1,0,<55></c><290>た</c><289>ち</c><278>ど</c><268>ま</c><258>っ</c><163>ておちこむひも</c><55></c>,っ
117.935,118.268,-1,-1,<55></c><290>立</c><289>ち</c><278>止</c><268>ま</c><258>っ</c><163>て落ち込む日も</c><55></c>,っ
118.268,119.77,-1,0,<55></c><290>た</c><289>ち</c><278>ど</c><268>ま</c><258>っ</c><249>て</c><163>おちこむひも</c><55></c>,て
118.268,119.77,-1,-1,<55></c><290>立</c><289>ち</c><278>止</c><268>ま</c><258>っ</c><249>て</c><163>落ち込む日も</c><55></c>,て
119.77,119.903,-1,0,<55></c><290>た</c><289>ち</c><278>ど</c><268>ま</c><258>っ</c><249>て</c><238>お</c><163>ちこむひも</c><55></c>,お
119.77,119.903,-1,-1,<55></c><290>立</c><289>ち</c><278>止</c><268>ま</c><258>っ</c><249>て</c><238>落</c><163>ち込む日も</c><55></c>,落
119.903,120.237,-1,0,<55></c><290>た</c><289>ち</c><278>ど</c><268>ま</c><258>っ</c><249>て</c><238>お</c><227>ち</c><163>こむひも</c><55></c>,ち
119.903,120.237,-1,-1,<55></c><290>立</c><289>ち</c><278>止</c><268>ま</c><258>っ</c><249>て</c><238>落</c><227>ち</c><163>込む日も</c><55></c>,ち
120.237,120.571,-1,0,<55></c><290>た</c><289>ち</c><278>ど</c><268>ま</c><258>っ</c><249>て</c><238>お</c><227>ち</c><216>こ</c><163>むひも</c><55></c>,こ
120.237,120.571,-1,-1,<55></c><290>立</c><289>ち</c><278>止</c><268>ま</c><258>っ</c><249>て</c><238>落</c><227>ち</c><216>込</c><163>む日も</c><55></c>,込
120.571,120.838,-1,0,<55></c><290>た</c><289>ち</c><278>ど</c><268>ま</c><258>っ</c><249>て</c><238>お</c><227>ち</c><216>こ</c><211>む</c><163>ひも</c><55></c>,む
120.571,120.838,-1,-1,<55></c><290>立</c><289>ち</c><278>止</c><268>ま</c><258>っ</c><249>て</c><238>落</c><227>ち</c><216>込</c><211>む</c><163>日も</c><55></c>,む
120.838,121.205,-1,0,<55></c><290>た</c><289>ち</c><278>ど</c><268>ま</c><258>っ</c><249>て</c><238>お</c><227>ち</c><216>こ</c><211>む</c><201>ひ</c><163>も</c><55></c>,ひ
120.838,121.205,-1,-1,<55></c><290>立</c><289>ち</c><278>止</c><268>ま</c><258>っ</c><249>て</c><238>落</c><227>ち</c><216>込</c><211>む</c><201>日</c><163>も</c><55></c>,日
121.205,123.674,-1,0,<55></c><290>た</c><289>ち</c><278>ど</c><268>ま</c><258>っ</c><249>て</c><238>お</c><227>ち</c><216>こ</c><211>む</c><201>ひ</c><192>も</c><55></c>,も
121.205,123.674,-1,-1,<55></c><290>立</c><289>ち</c><278>止</c><268>ま</c><258>っ</c><249>て</c><238>落</c><227>ち</c><216>込</c><211>む</c><201>日</c><192>も</c><55></c>,も
123.674,123.807,-1,0,<55></c><290>た</c><163>まにはいいよね</c><55></c>,た
123.674,123.807,-1,-1,<55></c><290>た</c><163>まにはいいよね</c><55></c>,た
123.807,124.341,-1,0,<55></c><290>た</c><282>ま</c><163>にはいいよね</c><55></c>,ま
123.807,124.341,-1,-1,<55></c><290>た</c><282>ま</c><163>にはいいよね</c><55></c>,ま
124.341,124.475,-1,0,<55></c><290>た</c><282>ま</c><265>に</c><163>はいいよね</c><55></c>,に
124.341,124.475,-1,-1,<55></c><290>た</c><282>ま</c><265>に</c><163>はいいよね</c><55></c>,に
124.475,124.975,-1,0,<55></c><290>た</c><282>ま</c><265>に</c><251>は</c><163>いいよね</c><55></c>,は
124.475,124.975,-1,-1,<55></c><290>た</c><282>ま</c><265>に</c><251>は</c><163>いいよね</c><55></c>,は
124.975,125.109,-1,0,<55></c><290>た</c><282>ま</c><265>に</c><251>は</c><236>い</c><163>いよね</c><55></c>,い
124.975,125.109,-1,-1,<55></c><290>た</c><282>ま</c><265>に</c><251>は</c><236>い</c><163>いよね</c><55></c>,い
125.109,125.609,-1,0,<55></c><290>た</c><282>ま</c><265>に</c><251>は</c><236>い</c><222>い</c><163>よね</c><55></c>,い
125.109,125.609,-1,-1,<55></c><290>た</c><282>ま</c><265>に</c><251>は</c><236>い</c><222>い</c><163>よね</c><55></c>,い
125.609,125.776,-1,0,<55></c><290>た</c><282>ま</c><265>に</c><251>は</c><236>い</c><222>い</c><204>よ</c><163>ね</c><55></c>,よ
125.609,125.776,-1,-1,<55></c><290>た</c><282>ま</c><265>に</c><251>は</c><236>い</c><222>い</c><204>よ</c><163>ね</c><55></c>,よ
125.776,127.044,-1,0,<55></c><290>た</c><282>ま</c><265>に</c><251>は</c><236>い</c><222>い</c><204>よ</c><192>ね</c><55></c>,ね
125.776,127.044,-1,-1,<55></c><290>た</c><282>ま</c><265>に</c><251>は</c><236>い</c><222>い</c><204>よ</c><192>ね</c><55></c>,ね
127.044,127.411,-1,0,<55></c><39>わ</c><163>かちあってよりそえたら</c><55></c>,わ
127.044,127.411,-1,-1,<55></c><39>わ</c><163>かちあって寄り添えたら</c><55></c>,わ
127.411,127.711,-1,0,<55></c><39>わ</c><57>か</c><163>ちあってよりそえたら</c><55></c>,か
127.411,127.711,-1,-1,<55></c><39>わ</c><57>か</c><163>ちあって寄り添えたら</c><55></c>,か
127.711,128.078,-1,0,<55></c><39>わ</c><57>か</c><73>ち</c><163>あってよりそえたら</c><55></c>,ち
127.711,128.078,-1,-1,<55></c><39>わ</c><57>か</c><73>ち</c><163>あって寄り添えたら</c><55></c>,ち
128.078,128.412,-1,0,<55></c><39>わ</c><57>か</c><73>ち</c><93>あ</c><163>ってよりそえたら</c><55></c>,あ
128.078,128.412,-1,-1,<55></c><39>わ</c><57>か</c><73>ち</c><93>あ</c><163>って寄り添えたら</c><55></c>,あ
128.412,128.712,-1,0,<55></c><39>わ</c><57>か</c><73>ち</c><93>あ</c><111>っ</c><163>てよりそえたら</c><55></c>,っ
128.412,128.712,-1,-1,<55></c><39>わ</c><57>か</c><73>ち</c><93>あ</c><111>っ</c><163>て寄り添えたら</c><55></c>,っ
128.712,130.214,-1,0,<55></c><39>わ</c><57>か</c><73>ち</c><93>あ</c><111>っ</c><132>て</c><163>よりそえたら</c><55></c>,て
128.712,130.214,-1,-1,<55></c><39>わ</c><57>か</c><73>ち</c><93>あ</c><111>っ</c><132>て</c><163>寄り添えたら</c><55></c>,て
130.214,130.347,-1,0,<55></c><39>わ</c><57>か</c><73>ち</c><93>あ</c><111>っ</c><132>て</c><144>よ</c><163>りそえたら</c><55></c>,よ
130.214,130.347,-1,-1,<55></c><39>わ</c><57>か</c><73>ち</c><93>あ</c><111>っ</c><132>て</c><144>寄</c><163>り添えたら</c><55></c>,寄
130.347,130.681,-1,0,<55></c><39>わ</c><57>か</c><73>ち</c><93>あ</c><111>っ</c><132>て</c><144>よ</c><162>り</c><163>そえたら</c><55></c>,り
130.347,130.681,-1,-1,<55></c><39>わ</c><57>か</c><73>ち</c><93>あ</c><111>っ</c><132>て</c><144>寄</c><162>り</c><163>添えたら</c><55></c>,り
130.681,130.981,-1,0,<55></c><39>わ</c><57>か</c><73>ち</c><93>あ</c><111>っ</c><132>て</c><144>よ</c><162>り</c><176>そ</c><163>えたら</c><55></c>,そ
130.681,130.981,-1,-1,<55></c><39>わ</c><57>か</c><73>ち</c><93>あ</c><111>っ</c><132>て</c><144>寄</c><162>り</c><176>添</c><163>えたら</c><55></c>,添
130.981,131.315,-1,0,<55></c><39>わ</c><57>か</c><73>ち</c><93>あ</c><111>っ</c><132>て</c><144>よ</c><162>り</c><176>そ</c><198>え</c><163>たら</c><55></c>,え
130.981,131.315,-1,-1,<55></c><39>わ</c><57>か</c><73>ち</c><93>あ</c><111>っ</c><132>て</c><144>寄</c><162>り</c><176>添</c><198>え</c><163>たら</c><55></c>,え
131.315,131.648,-1,0,<55></c><39>わ</c><57>か</c><73>ち</c><93>あ</c><111>っ</c><132>て</c><144>よ</c><162>り</c><176>そ</c><198>え</c><247>た</c><163>ら</c><55></c>,た
131.315,131.648,-1,-1,<55></c><39>わ</c><57>か</c><73>ち</c><93>あ</c><111>っ</c><132>て</c><144>寄</c><162>り</c><176>添</c><198>え</c><247>た</c><163>ら</c><55></c>,た
131.648,134.118,-1,0,<55></c><39>わ</c><57>か</c><73>ち</c><93>あ</c><111>っ</c><132>て</c><144>よ</c><162>り</c><176>そ</c><198>え</c><247>た</c><307>ら</c><55></c>,ら
131.648,134.118,-1,-1,<55></c><39>わ</c><57>か</c><73>ち</c><93>あ</c><111>っ</c><132>て</c><144>寄</c><162>り</c><176>添</c><198>え</c><247>た</c><307>ら</c><55></c>,ら
134.118,134.284,-1,0,<55></c><39>な</c><163>みだもおもいでにかわる</c><55></c>,な
134.118,134.918,-1,-1,<55></c><39>涙</c><163>も想い出に変わる</c><55></c>,涙
134.284,134.818,-1,0,<55></c><39>な</c><57>み</c><163>だもおもいでにかわる</c><55></c>,み
134.818,134.918,-1,0,<55></c><39>な</c><57>み</c><73>だ</c><163>もおもいでにかわる</c><55></c>,だ
134.918,135.452,-1,0,<55></c><39>な</c><57>み</c><73>だ</c><93>も</c><163>おもいでにかわる</c><55></c>,も
134.918,135.452,-1,-1,<55></c><39>涙</c><93>も</c><163>想い出に変わる</c><55></c>,も
135.452,135.586,-1,0,<55></c><39>な</c><57>み</c><73>だ</c><93>も</c><111>お</c><163>もいでにかわる</c><55></c>,お
135.452,135.786,-1,-1,<55></c><39>涙</c><93>も</c><111>想</c><163>い出に変わる</c><55></c>,想
135.586,135.786,-1,0,<55></c><39>な</c><57>み</c><73>だ</c><93>も</c><111>お</c><132>も</c><163>いでにかわる</c><55></c>,も
135.786,135.919,-1,0,<55></c><39>な</c><57>み</c><73>だ</c><93>も</c><111>お</c><132>も</c><144>い</c><163>でにかわる</c><55></c>,い
135.786,135.919,-1,-1,<55></c><39>涙</c><93>も</c><111>想</c><144>い</c><163>出に変わる</c><55></c>,い
135.919,136.22,-1,0,<55></c><39>な</c><57>み</c><73>だ</c><93>も</c><111>お</c><132>も</c><144>い</c><162>で</c><163>にかわる</c><55></c>,で
135.919,136.22,-1,-1,<55></c><39>涙</c><93>も</c><111>想</c><144>い</c><162>出</c><163>に変わる</c><55></c>,出
136.22,136.453,-1,0,<55></c><39>な</c><57>み</c><73>だ</c><93>も</c><111>お</c><132>も</c><144>い</c><162>で</c><176>に</c><163>かわる</c><55></c>,に
136.22,136.453,-1,-1,<55></c><39>涙</c><93>も</c><111>想</c><144>い</c><162>出</c><176>に</c><163>変わる</c><55></c>,に
136.453,136.553,-1,0,<55></c><39>な</c><57>み</c><73>だ</c><93>も</c><111>お</c><132>も</c><144>い</c><162>で</c><176>に</c><198>か</c><163>わる</c><55></c>,か
136.453,136.553,-1,-1,<55></c><39>涙</c><93>も</c><111>想</c><144>い</c><162>出</c><176>に</c><198>変</c><163>わる</c><55></c>,変
136.553,136.753,-1,0,<55></c><39>な</c><57>み</c><73>だ</c><93>も</c><111>お</c><132>も</c><144>い</c><162>で</c><176>に</c><198>か</c><247>わ</c><163>る</c><55></c>,わ
136.553,136.753,-1,-1,<55></c><39>涙</c><93>も</c><111>想</c><144>い</c><162>出</c><176>に</c><198>変</c><247>わ</c><163>る</c><55></c>,わ
136.753,139.49,-1,0,<55></c><39>な</c><57>み</c><73>だ</c><93>も</c><111>お</c><132>も</c><144>い</c><162>で</c><176>に</c><198>か</c><247>わ</c><307>る</c><55></c>,る
136.753,139.49,-1,-1,<55></c><39>涙</c><93>も</c><111>想</c><144>い</c><162>出</c><176>に</c><198>変</c><247>わ</c><307>る</c><55></c>,る
141.725,142.059,-1,0,<55></c><1>さ</c><163>さやかなしあわせは</c><55></c>,さ
141.725,142.059,-1,-1,<55></c><1>さ</c><163>さやかな幸せは</c><55></c>,さ
142.059,142.392,-1,0,<55></c><1>ささ</c><163>やかなしあわせは</c><55></c>,さ
142.059,142.392,-1,-1,<55></c><1>ささ</c><163>やかな幸せは</c><55></c>,さ
142.392,142.693,-1,0,<55></c><1>ささや</c><163>かなしあわせは</c><55></c>,や
142.392,142.693,-1,-1,<55></c><1>ささや</c><163>かな幸せは</c><55></c>,や
142.693,143.026,-1,0,<55></c><1>ささやか</c><163>なしあわせは</c><55></c>,か
142.693,143.026,-1,-1,<55></c><1>ささやか</c><163>な幸せは</c><55></c>,か
143.026,143.26,-1,0,<55></c><1>ささやかな</c><163>しあわせは</c><55></c>,な
143.026,143.26,-1,-1,<55></c><1>ささやかな</c><163>幸せは</c><55></c>,な
143.26,143.694,-1,0,<55></c><1>ささやかなし</c><163>あわせは</c><55></c>,し
143.26,144.328,-1,-1,<55></c><1>ささやかな幸</c><163>せは</c><55></c>,幸
143.694,144.027,-1,0,<55></c><1>ささやかなしあ</c><163>わせは</c><55></c>,あ
144.027,144.328,-1,0,<55></c><1>ささやかなしあわ</c><163>せは</c><55></c>,わ
144.328,144.528,-1,0,<55></c><1>ささやかなしあわせ</c><163>は</c><55></c>,せ
144.328,144.528,-1,-1,<55></c><1>ささやかな幸せ</c><163>は</c><55></c>,せ
144.528,146.964,-1,0,<55></c><1>ささやかなしあわせは</c><55></c>,は
144.528,146.964,-1,-1,<55></c><1>ささやかな幸せは</c><55></c>,は
146.964,147.164,-1,0,<55></c><1>か</c><163>ざらないまいにちのなかにあって</c><55></c>,か
146.964,147.297,-1,-1,<55></c><1>飾</c><163>らない毎日の中にあって</c><55></c>,飾
147.164,147.297,-1,0,<55></c><1>かざ</c><163>らないまいにちのなかにあって</c><55></c>,ざ
147.297,147.598,-1,0,<55></c><1>かざら</c><163>ないまいにちのなかにあって</c><55></c>,ら
147.297,147.598,-1,-1,<55></c><1>飾ら</c><163>ない毎日の中にあって</c><55></c>,ら
147.598,147.965,-1,0,<55></c><1>かざらな</c><163>いまいにちのなかにあって</c><55></c>,な
147.598,147.965,-1,-1,<55></c><1>飾らな</c><163>い毎日の中にあって</c><55></c>,な
147.965,148.232,-1,0,<55></c><1>かざらない</c><163>まいにちのなかにあって</c><55></c>,い
147.965,148.232,-1,-1,<55></c><1>飾らない</c><163>毎日の中にあって</c><55></c>,い
148.232,148.499,-1,0,<55></c><1>かざらないま</c><163>いにちのなかにあって</c><55></c>,ま
148.232,148.932,-1,-1,<55></c><1>飾らない毎</c><163>日の中にあって</c><55></c>,毎
148.499,148.932,-1,0,<55></c><1>かざらないまい</c><163>にちのなかにあって</c><55></c>,い
148.932,149.233,-1,0,<55></c><1>かざらないまいに</c><163>ちのなかにあって</c><55></c>,に
148.932,149.6,-1,-1,<55></c><1>飾らない毎日</c><163>の中にあって</c><55></c>,日
149.233,149.6,-1,0,<55></c><1>かざらないまいにち</c><163>のなかにあって</c><55></c>,ち
149.6,149.8,-1,0,<55></c><1>かざらないまいにちの</c><163>なかにあって</c><55></c>,の
149.6,149.8,-1,-1,<55></c><1>飾らない毎日の</c><163>中にあって</c><55></c>,の
149.8,149.9,-1,0,<55></c><1>かざらないまいにちのな</c><163>かにあって</c><55></c>,な
149.8,150.234,-1,-1,<55></c><1>飾らない毎日の中</c><163>にあって</c><55></c>,中
149.9,150.234,-1,0,<55></c><1>かざらないまいにちのなか</c><163>にあって</c><55></c>,か
150.234,150.534,-1,0,<55></c><1>かざらないまいにちのなかに</c><163>あって</c><55></c>,に
150.234,150.534,-1,-1,<55></c><1>飾らない毎日の中に</c><163>あって</c><55></c>,に
150.534,150.734,-1,0,<55></c><1>かざらないまいにちのなかにあ</c><163>って</c><55></c>,あ
150.534,150.734,-1,-1,<55></c><1>飾らない毎日の中にあ</c><163>って</c><55></c>,あ
150.734,150.901,-1,0,<55></c><1>かざらないまいにちのなかにあっ</c><163>て</c><55></c>,っ
150.734,150.901,-1,-1,<55></c><1>飾らない毎日の中にあっ</c><163>て</c><55></c>,っ
150.901,152.336,-1,0,<55></c><1>かざらないまいにちのなかにあって</c><55></c>,て
150.901,152.336,-1,-1,<55></c><1>飾らない毎日の中にあって</c><55></c>,て
152.336,152.503,-1,0,<55></c><290>ふ</c><163>としたかいわや</c><55></c>,ふ
152.336,152.503,-1,-1,<55></c><290>ふ</c><163>とした会話や</c><55></c>,ふ
152.503,152.803,-1,0,<55></c><290>ふ</c><218>と</c><163>したかいわや</c><55></c>,と
152.503,152.803,-1,-1,<55></c><290>ふ</c><218>と</c><163>した会話や</c><55></c>,と
152.803,153.137,-1,0,<55></c><290>ふ</c><218>と</c><172>し</c><163>たかいわや</c><55></c>,し
152.803,153.137,-1,-1,<55></c><290>ふ</c><218>と</c><172>し</c><163>た会話や</c><55></c>,し
153.137,153.504,-1,0,<55></c><290>ふ</c><218>と</c><172>し</c><148>た</c><163>かいわや</c><55></c>,た
153.137,153.504,-1,-1,<55></c><290>ふ</c><218>と</c><172>し</c><148>た</c><163>会話や</c><55></c>,た
153.504,153.704,-1,0,<55></c><290>ふ</c><218>と</c><172>し</c><148>た</c><123>か</c><163>いわや</c><55></c>,か
153.504,154.004,-1,-1,<55></c><290>ふ</c><218>と</c><172>し</c><148>た</c><123>会</c><163>話や</c><55></c>,会
153.704,154.004,-1,0,<55></c><290>ふ</c><218>と</c><172>し</c><148>た</c><123>か</c><96>い</c><163>わや</c><55></c>,い
154.004,154.138,-1,0,<55></c><290>ふ</c><218>と</c><172>し</c><148>た</c><123>か</c><96>い</c><67>わ</c><163>や</c><55></c>,わ
154.004,154.138,-1,-1,<55></c><290>ふ</c><218>と</c><172>し</c><148>た</c><123>会</c><67>話</c><163>や</c><55></c>,話
154.138,154.805,-1,0,<55></c><290>ふ</c><218>と</c><172>し</c><148>た</c><123>か</c><96>い</c><67>わ</c><39>や</c><55></c>,や
154.138,154.805,-1,-1,<55></c><290>ふ</c><218>と</c><172>し</c><148>た</c><123>会</c><67>話</c><39>や</c><55></c>,や
154.805,155.038,-1,0,<55></c><192>と</c><163>なりあるくひびが</c><55></c>,と
154.805,155.472,-1,-1,<55></c><192>隣</c><163>歩く日々が</c><55></c>,隣
155.038,155.139,-1,0,<55></c><192>と</c><205>な</c><163>りあるくひびが</c><55></c>,な
155.139,155.472,-1,0,<55></c><192>と</c><205>な</c><217>り</c><163>あるくひびが</c><55></c>,り
155.472,155.772,-1,0,<55></c><192>と</c><205>な</c><217>り</c><229>あ</c><163>るくひびが</c><55></c>,あ
155.472,156.106,-1,-1,<55></c><192>隣</c><229>歩</c><163>く日々が</c><55></c>,歩
155.772,156.106,-1,0,<55></c><192>と</c><205>な</c><217>り</c><229>あ</c><245>る</c><163>くひびが</c><55></c>,る
156.106,156.273,-1,0,<55></c><192>と</c><205>な</c><217>り</c><229>あ</c><245>る</c><260>く</c><163>ひびが</c><55></c>,く
156.106,156.273,-1,-1,<55></c><192>隣</c><229>歩</c><260>く</c><163>日々が</c><55></c>,く
156.273,156.64,-1,0,<55></c><192>と</c><205>な</c><217>り</c><229>あ</c><245>る</c><260>く</c><273>ひ</c><163>びが</c><55></c>,ひ
156.273,156.64,-1,-1,<55></c><192>隣</c><229>歩</c><260>く</c><273>日</c><163>々が</c><55></c>,日
156.64,156.773,-1,0,<55></c><192>と</c><205>な</c><217>り</c><229>あ</c><245>る</c><260>く</c><273>ひ</c><285>び</c><163>が</c><55></c>,び
156.64,156.773,-1,-1,<55></c><192>隣</c><229>歩</c><260>く</c><273>日</c><285>々</c><163>が</c><55></c>,々
156.773,157.374,-1,0,<55></c><192>と</c><205>な</c><217>り</c><229>あ</c><245>る</c><260>く</c><273>ひ</c><285>び</c><307>が</c><55></c>,が
156.773,157.374,-1,-1,<55></c><192>隣</c><229>歩</c><260>く</c><273>日</c><285>々</c><307>が</c><55></c>,が
157.374,157.708,-1,0,<55></c><290>た</c><163>からものなんだ</c><55></c>,た
157.374,158.709,-1,-1,<55></c><290>宝</c><163>物なんだ</c><55></c>,宝
157.708,158.275,-1,0,<55></c><290>た</c><236>か</c><163>らものなんだ</c><55></c>,か
158.275,158.709,-1,0,<55></c><290>た</c><236>か</c><169>ら</c><163>ものなんだ</c><55></c>,ら
158.709,159.343,-1,0,<55></c><290>た</c><236>か</c><169>ら</c><83>も</c><163>のなんだ</c><55></c>,も
158.709,159.676,-1,-1,<55></c><290>宝</c><83>物</c><163>なんだ</c><55></c>,物
159.343,159.676,-1,0,<55></c><290>た</c><236>か</c><169>ら</c><83>も</c><97>の</c><163>なんだ</c><55></c>,の
159.676,160.01,-1,0,<55></c><290>た</c><236>か</c><169>ら</c><83>も</c><97>の</c><220>な</c><163>んだ</c><55></c>,な
159.676,160.01,-1,-1,<55></c><290>宝</c><83>物</c><220>な</c><163>んだ</c><55></c>,な
160.01,160.21,-1,0,<55></c><290>た</c><236>か</c><169>ら</c><83>も</c><97>の</c><220>な</c><38>ん</c><163>だ</c><55></c>,ん
160.01,160.21,-1,-1,<55></c><290>宝</c><83>物</c><220>な</c><38>ん</c><163>だ</c><55></c>,ん
160.21,162.98,-1,0,<55></c><290>た</c><236>か</c><169>ら</c><83>も</c><97>の</c><220>な</c><38>ん</c><1>だ</c><55></c>,だ
160.21,162.98,-1,-1,<55></c><290>宝</c><83>物</c><220>な</c><38>ん</c><1>だ</c><55></c>,だ
165.582,166.15,-1,0,<55></c><1>お</c><163>もいではあふれてりょうてじゃたりないよ</c><55></c>,お
165.582,166.85,-1,-1,<55></c><1>想</c><163>い出は溢れて両手じゃ足りないよ</c><55></c>,想
166.15,166.85,-1,0,<55></c><1>おも</c><163>いではあふれてりょうてじゃたりないよ</c><55></c>,も
166.85,167.518,-1,0,<55></c><1>おもい</c><163>ではあふれてりょうてじゃたりないよ</c><55></c>,い
166.85,167.518,-1,-1,<55></c><1>想い</c><163>出は溢れて両手じゃ足りないよ</c><55></c>,い
167.518,168.152,-1,0,<55></c><1>おもいで</c><163>はあふれてりょうてじゃたりないよ</c><55></c>,で
167.518,168.152,-1,-1,<55></c><1>想い出</c><163>は溢れて両手じゃ足りないよ</c><55></c>,出
168.152,168.819,-1,0,<55></c><1>おもいでは</c><163>あふれてりょうてじゃたりないよ</c><55></c>,は
168.152,168.819,-1,-1,<55></c><1>想い出は</c><163>溢れて両手じゃ足りないよ</c><55></c>,は
168.819,169.486,-1,0,<55></c><1>おもいではあ</c><163>ふれてりょうてじゃたりないよ</c><55></c>,あ
168.819,170.12,-1,-1,<55></c><1>想い出は溢</c><163>れて両手じゃ足りないよ</c><55></c>,溢
169.486,170.12,-1,0,<55></c><1>おもいではあふ</c><163>れてりょうてじゃたりないよ</c><55></c>,ふ
170.12,170.787,-1,0,<55></c><1>おもいではあふれ</c><163>てりょうてじゃたりないよ</c><55></c>,れ
170.12,170.787,-1,-1,<55></c><1>想い出は溢れ</c><163>て両手じゃ足りないよ</c><55></c>,れ
170.787,171.955,-1,0,<55></c><1>おもいではあふれて</c><163>りょうてじゃたりないよ</c><55></c>,て
170.787,171.955,-1,-1,<55></c><1>想い出は溢れて</c><163>両手じゃ足りないよ</c><55></c>,て
171.955,172.089,-1,0,<55></c><1>おもいではあふれてりょ</c><163>うてじゃたりないよ</c><55></c>,りょ
171.955,172.389,-1,-1,<55></c><1>想い出は溢れて両</c><163>手じゃ足りないよ</c><55></c>,両
172.089,172.389,-1,0,<55></c><1>おもいではあふれてりょう</c><163>てじゃたりないよ</c><55></c>,う
172.389,172.756,-1,0,<55></c><1>おもいではあふれてりょうて</c><163>じゃたりないよ</c><55></c>,て
172.389,172.756,-1,-1,<55></c><1>想い出は溢れて両手</c><163>じゃ足りないよ</c><55></c>,手
172.756,173.056,-1,0,<55></c><1>おもいではあふれてりょうてじゃ</c><163>たりないよ</c><55></c>,じゃ
172.756,173.056,-1,-1,<55></c><1>想い出は溢れて両手じゃ</c><163>足りないよ</c><55></c>,じゃ
173.056,173.39,-1,0,<55></c><1>おもいではあふれてりょうてじゃた</c><163>りないよ</c><55></c>,た
173.056,173.39,-1,-1,<55></c><1>想い出は溢れて両手じゃ足</c><163>りないよ</c><55></c>,足
173.39,174.258,-1,0,<55></c><1>おもいではあふれてりょうてじゃたり</c><163>ないよ</c><55></c>,り
173.39,174.258,-1,-1,<55></c><1>想い出は溢れて両手じゃ足り</c><163>ないよ</c><55></c>,り
174.258,174.424,-1,0,<55></c><1>おもいではあふれてりょうてじゃたりな</c><163>いよ</c><55></c>,な
174.258,174.424,-1,-1,<55></c><1>想い出は溢れて両手じゃ足りな</c><163>いよ</c><55></c>,な
174.424,174.558,-1,0,<55></c><1>おもいではあふれてりょうてじゃたりない</c><163>よ</c><55></c>,い
174.424,174.558,-1,-1,<55></c><1>想い出は溢れて両手じゃ足りない</c><163>よ</c><55></c>,い
174.558,175.325,-1,0,<55></c><1>おもいではあふれてりょうてじゃたりないよ</c><55></c>,よ
174.558,175.325,-1,-1,<55></c><1>想い出は溢れて両手じゃ足りないよ</c><55></c>,よ
175.325,175.559,-1,0,<55></c><290>う</c><163>れしさもつらさもともにわらいあえる</c><55></c>,う
175.325,175.692,-1,-1,<55></c><290>嬉</c><163>しさも辛さも共に笑いあえる</c><55></c>,嬉
175.559,175.692,-1,0,<55></c><290>う</c><291>れ</c><163>しさもつらさもともにわらいあえる</c><55></c>,れ
175.692,175.859,-1,0,<55></c><290>う</c><291>れ</c><292>し</c><163>さもつらさもともにわらいあえる</c><55></c>,し
175.692,175.859,-1,-1,<55></c><290>嬉</c><292>し</c><163>さも辛さも共に笑いあえる</c><55></c>,し
175.859,175.993,56,0,<55></c><290>う</c><291>れ</c><292>し</c><293>さ</c><163>もつらさもともにわらいあえる</c><55></c>,さ
175.859,175.993,-1,-1,<55></c><290>嬉</c><292>し</c><293>さ</c><163>も辛さも共に笑いあえる</c><55></c>,さ
175.993,176.293,58,0,<55></c><290>う</c><291>れ</c><292>し</c><293>さ</c><294>も</c><163>つらさもともにわらいあえる</c><55></c>,も
175.993,176.293,-1,-1,<55></c><290>嬉</c><292>し</c><293>さ</c><294>も</c><163>辛さも共に笑いあえる</c><55></c>,も
176.293,176.627,59,0,<55></c><290>う</c><291>れ</c><292>し</c><293>さ</c><294>も</c><295>つ</c><163>らさもともにわらいあえる</c><55></c>,つ
176.293,176.96,-1,-1,<55></c><290>嬉</c><292>し</c><293>さ</c><294>も</c><295>辛</c><163>さも共に笑いあえる</c><55></c>,辛
176.627,176.96,61,0,<55></c><290>う</c><291>れ</c><292>し</c><293>さ</c><294>も</c><295>つ</c><296>ら</c><163>さもともにわらいあえる</c><55></c>,ら
176.96,177.127,63,0,<55></c><290>う</c><291>れ</c><292>し</c><293>さ</c><294>も</c><295>つ</c><296>ら</c><297>さ</c><163>もともにわらいあえる</c><55></c>,さ
176.96,177.127,-1,-1,<55></c><290>嬉</c><292>し</c><293>さ</c><294>も</c><295>辛</c><297>さ</c><163>も共に笑いあえる</c><55></c>,さ
177.127,177.928,64,0,<55></c><290>う</c><291>れ</c><292>し</c><293>さ</c><294>も</c><295>つ</c><296>ら</c><297>さ</c><298>も</c><163>ともにわらいあえる</c><55></c>,も
177.127,177.928,-1,-1,<55></c><290>嬉</c><292>し</c><293>さ</c><294>も</c><295>辛</c><297>さ</c><298>も</c><163>共に笑いあえる</c><55></c>,も
177.928,178.128,66,0,<55></c><290>う</c><291>れ</c><292>し</c><293>さ</c><294>も</c><295>つ</c><296>ら</c><297>さ</c><298>も</c><299>と</c><163>もにわらいあえる</c><55></c>,と
177.928,178.262,-1,-1,<55></c><290>嬉</c><292>し</c><293>さ</c><294>も</c><295>辛</c><297>さ</c><298>も</c><299>共</c><163>に笑いあえる</c><55></c>,共
178.128,178.262,67,0,<55></c><290>う</c><291>れ</c><292>し</c><293>さ</c><294>も</c><295>つ</c><296>ら</c><297>さ</c><298>も</c><299>と</c><300>も</c><163>にわらいあえる</c><55></c>,も
178.262,178.495,69,0,<55></c><290>う</c><291>れ</c><292>し</c><293>さ</c><294>も</c><295>つ</c><296>ら</c><297>さ</c><298>も</c><299>と</c><300>も</c><301>に</c><163>わらいあえる</c><55></c>,に
178.262,178.495,-1,-1,<55></c><290>嬉</c><292>し</c><293>さ</c><294>も</c><295>辛</c><297>さ</c><298>も</c><299>共</c><301>に</c><163>笑いあえる</c><55></c>,に
178.495,178.595,70,0,<55></c><290>う</c><291>れ</c><292>し</c><293>さ</c><294>も</c><295>つ</c><296>ら</c><297>さ</c><298>も</c><299>と</c><300>も</c><301>に</c><302>わ</c><163>らいあえる</c><55></c>,わ
178.495,178.929,-1,-1,<55></c><290>嬉</c><292>し</c><293>さ</c><294>も</c><295>辛</c><297>さ</c><298>も</c><299>共</c><301>に</c><302>笑</c><163>いあえる</c><55></c>,笑
178.595,178.929,72,0,<55></c><290>う</c><291>れ</c><292>し</c><293>さ</c><294>も</c><295>つ</c><296>ら</c><297>さ</c><298>も</c><299>と</c><300>も</c><301>に</c><302>わ</c><303>ら</c><163>いあえる</c><55></c>,ら
178.929,179.229,73,0,<55></c><290>う</c><291>れ</c><292>し</c><293>さ</c><294>も</c><295>つ</c><296>ら</c><297>さ</c><298>も</c><299>と</c><300>も</c><301>に</c><302>わ</c><303>ら</c><304>い</c><163>あえる</c><55></c>,い
178.929,179.229,-1,-1,<55></c><290>嬉</c><292>し</c><293>さ</c><294>も</c><295>辛</c><297>さ</c><298>も</c><299>共</c><301>に</c><302>笑</c><304>い</c><163>あえる</c><55></c>,い
179.229,179.563,75,0,<55></c><290>う</c><291>れ</c><292>し</c><293>さ</c><294>も</c><295>つ</c><296>ら</c><297>さ</c><298>も</c><299>と</c><300>も</c><301>に</c><302>わ</c><303>ら</c><304>い</c><305>あ</c><163>える</c><55></c>,あ
179.229,179.563,-1,-1,<55></c><290>嬉</c><292>し</c><293>さ</c><294>も</c><295>辛</c><297>さ</c><298>も</c><299>共</c><301>に</c><302>笑</c><304>い</c><305>あ</c><163>える</c><55></c>,あ
179.563,179.763,77,0,<55></c><290>う</c><291>れ</c><292>し</c><293>さ</c><294>も</c><295>つ</c><296>ら</c><297>さ</c><298>も</c><299>と</c><300>も</c><301>に</c><302>わ</c><303>ら</c><304>い</c><305>あ</c><306>え</c><163>る</c><55></c>,え
179.563,179.763,56,-1,<55></c><290>嬉</c><292>し</c><293>さ</c><294>も</c><295>辛</c><297>さ</c><298>も</c><299>共</c><301>に</c><302>笑</c><304>い</c><305>あ</c><306>え</c><163>る</c><55></c>,え
179.763,181.098,77,0,<55></c><290>う</c><291>れ</c><292>し</c><293>さ</c><294>も</c><295>つ</c><296>ら</c><297>さ</c><298>も</c><299>と</c><300>も</c><301>に</c><302>わ</c><303>ら</c><304>い</c><305>あ</c><306>え</c><307>る</c><55></c>,る
179.763,181.098,56,-1,<55></c><290>嬉</c><292>し</c><293>さ</c><294>も</c><295>辛</c><297>さ</c><298>も</c><299>共</c><301>に</c><302>笑</c><304>い</c><305>あ</c><306>え</c><307>る</c><55></c>,る
181.098,181.231,-1,0,<55></c><192>た</c><163>いせつふぉとぐらふ</c><55></c>,た
181.098,181.532,-1,-1,<55></c><192>大</c><163>切フォトグラフ</c><55></c>,大
181.231,181.532,-1,0,<55></c><192>た</c><175>い</c><163>せつふぉとぐらふ</c><55></c>,い
181.532,181.832,-1,0,<55></c><192>た</c><175>い</c><161>せ</c><163>つふぉとぐらふ</c><55></c>,せ
181.532,182.166,-1,-1,<55></c><192>大</c><161>切</c><163>フォトグラフ</c><55></c>,切
181.832,182.166,-1,0,<55></c><192>た</c><175>い</c><161>せ</c><143>つ</c><163>ふぉとぐらふ</c><55></c>,つ
182.166,182.499,-1,0,<55></c><192>た</c><175>い</c><161>せ</c><143>つ</c><125>ふ</c><110>ぉ</c><163>とぐらふ</c><55></c>,ふぉ
182.166,182.499,-1,-1,<55></c><192>大</c><161>切</c><125>フ</c><110>ォ</c><163>トグラフ</c><55></c>,フォ
182.499,183.033,-1,0,<55></c><192>た</c><175>い</c><161>せ</c><143>つ</c><125>ふ</c><110>ぉ</c><90>と</c><163>ぐらふ</c><55></c>,と
182.499,183.033,-1,-1,<55></c><192>大</c><161>切</c><125>フ</c><110>ォ</c><90>ト</c><163>グラフ</c><55></c>,ト
183.033,183.167,-1,0,<55></c><192>た</c><175>い</c><161>せ</c><143>つ</c><125>ふ</c><110>ぉ</c><90>と</c><72>ぐ</c><163>らふ</c><55></c>,ぐ
183.033,183.167,-1,-1,<55></c><192>大</c><161>切</c><125>フ</c><110>ォ</c><90>ト</c><72>グ</c><163>ラフ</c><55></c>,グ
183.167,183.433,-1,0,<55></c><192>た</c><175>い</c><161>せ</c><143>つ</c><125>ふ</c><110>ぉ</c><90>と</c><72>ぐ</c><53>ら</c><163>ふ</c><55></c>,ら
183.167,183.433,-1,-1,<55></c><192>大</c><161>切</c><125>フ</c><110>ォ</c><90>ト</c><72>グ</c><53>ラ</c><163>フ</c><55></c>,ラ
183.433,183.8,-1,0,<55></c><192>た</c><175>い</c><161>せ</c><143>つ</c><125>ふ</c><110>ぉ</c><90>と</c><72>ぐ</c><53>ら</c><39>ふ</c><55></c>,ふ
183.433,183.8,-1,-1,<55></c><192>大</c><161>切</c><125>フ</c><110>ォ</c><90>ト</c><72>グ</c><53>ラ</c><39>フ</c><55></c>,フ
183.8,184.468,-1,0,<55></c><290>さ</c><163>いこうのえがおととびっきりしあわせを</c><55></c>,さ
183.8,185.102,-1,-1,<55></c><290>最</c><163>高の笑顔ととびっきり幸せを</c><55></c>,最
184.468,185.102,-1,0,<55></c><290>さ</c><274>い</c><163>こうのえがおととびっきりしあわせを</c><55></c>,い
185.102,185.736,56,0,<55></c><290>さ</c><274>い</c><250>こ</c><163>うのえがおととびっきりしあわせを</c><55></c>,こ
185.102,186.403,-1,-1,<55></c><290>最</c><250>高</c><163>の笑顔ととびっきり幸せを</c><55></c>,高
185.736,186.403,58,0,<55></c><290>さ</c><274>い</c><250>こ</c><225>う</c><163>のえがおととびっきりしあわせを</c><55></c>,う
186.403,187.07,59,0,<55></c><290>さ</c><274>い</c><250>こ</c><225>う</c><203>の</c><163>えがおととびっきりしあわせを</c><55></c>,の
186.403,187.07,-1,-1,<55></c><290>最</c><250>高</c><203>の</c><163>笑顔ととびっきり幸せを</c><55></c>,の
187.07,187.704,61,0,<55></c><290>さ</c><274>い</c><250>こ</c><225>う</c><203>の</c><175>え</c><163>がおととびっきりしあわせを</c><55></c>,え
187.07,187.704,-1,-1,<55></c><290>最</c><250>高</c><203>の</c><175>笑</c><163>顔ととびっきり幸せを</c><55></c>,笑
187.704,188.372,63,0,<55></c><290>さ</c><274>い</c><250>こ</c><225>う</c><203>の</c><175>え</c><143>が</c><163>おととびっきりしあわせを</c><55></c>,が
187.704,189.006,-1,-1,<55></c><290>最</c><250>高</c><203>の</c><175>笑</c><143>顔</c><163>ととびっきり幸せを</c><55></c>,顔
188.372,189.006,64,0,<55></c><290>さ</c><274>い</c><250>こ</c><225>う</c><203>の</c><175>え</c><143>が</c><110>お</c><163>ととびっきりしあわせを</c><55></c>,お
189.006,190.207,66,0,<55></c><290>さ</c><274>い</c><250>こ</c><225>う</c><203>の</c><175>え</c><143>が</c><110>お</c><72>と</c><163>とびっきりしあわせを</c><55></c>,と
189.006,190.207,-1,-1,<55></c><290>最</c><250>高</c><203>の</c><175>笑</c><143>顔</c><72>と</c><163>とびっきり幸せを</c><55></c>,と
190.207,190.307,67,0,<55></c><290>さ</c><274>い</c><250>こ</c><225>う</c><203>の</c><175>え</c><143>が</c><110>お</c><72>と</c><39>と</c><163>びっきりしあわせを</c><55></c>,と
190.207,190.307,-1,-1,<55></c><290>最</c><250>高</c><203>の</c><175>笑</c><143>顔</c><72>と</c><39>と</c><163>びっきり幸せを</c><55></c>,と
190.307,190.507,69,0,<55></c><290>さ</c><274>い</c><250>こ</c><225>う</c><203>の</c><175>え</c><143>が</c><110>お</c><72>と</c><39>と</c><82>び</c><163>っきりしあわせを</c><55></c>,び
190.307,190.507,-1,-1,<55></c><290>最</c><250>高</c><203>の</c><175>笑</c><143>顔</c><72>と</c><39>と</c><82>び</c><163>っきり幸せを</c><55></c>,び
190.507,190.641,70,0,<55></c><290>さ</c><274>い</c><250>こ</c><225>う</c><203>の</c><175>え</c><143>が</c><110>お</c><72>と</c><39>と</c><82>び</c><128>っ</c><163>きりしあわせを</c><55></c>,っ
190.507,190.641,-1,-1,<55></c><290>最</c><250>高</c><203>の</c><175>笑</c><143>顔</c><72>と</c><39>と</c><82>び</c><128>っ</c><163>きり幸せを</c><55></c>,っ
190.641,190.974,72,0,<55></c><290>さ</c><274>い</c><250>こ</c><225>う</c><203>の</c><175>え</c><143>が</c><110>お</c><72>と</c><39>と</c><82>び</c><128>っ</c><167>き</c><163>りしあわせを</c><55></c>,き
190.641,190.974,-1,-1,<55></c><290>最</c><250>高</c><203>の</c><175>笑</c><143>顔</c><72>と</c><39>と</c><82>び</c><128>っ</c><167>き</c><163>り幸せを</c><55></c>,き
190.974,191.308,73,0,<55></c><290>さ</c><274>い</c><250>こ</c><225>う</c><203>の</c><175>え</c><143>が</c><110>お</c><72>と</c><39>と</c><82>び</c><128>っ</c><167>き</c><235>り</c><163>しあわせを</c><55></c>,り
190.974,191.308,-1,-1,<55></c><290>最</c><250>高</c><203>の</c><175>笑</c><143>顔</c><72>と</c><39>と</c><82>び</c><128>っ</c><167>き</c><235>り</c><163>幸せを</c><55></c>,り
191.308,191.642,75,0,<55></c><290>さ</c><274>い</c><250>こ</c><225>う</c><203>の</c><175>え</c><143>が</c><110>お</c><72>と</c><39>と</c><82>び</c><128>っ</c><167>き</c><235>り</c><179>し</c><163>あわせを</c><55></c>,し
191.308,192.609,-1,-1,<55></c><290>最</c><250>高</c><203>の</c><175>笑</c><143>顔</c><72>と</c><39>と</c><82>び</c><128>っ</c><167>き</c><235>り</c><179>幸</c><163>せを</c><55></c>,幸
191.642,192.442,77,0,<55></c><290>さ</c><274>い</c><250>こ</c><225>う</c><203>の</c><175>え</c><143>が</c><110>お</c><72>と</c><39>と</c><82>び</c><128>っ</c><167>き</c><235>り</c><179>し</c><75>あ</c><163>わせを</c><55></c>,あ
192.442,192.609,78,0,<55></c><290>さ</c><274>い</c><250>こ</c><225>う</c><203>の</c><175>え</c><143>が</c><110>お</c><72>と</c><39>と</c><82>び</c><128>っ</c><167>き</c><235>り</c><179>し</c><75>あ</c><29>わ</c><163>せを</c><55></c>,わ
192.609,192.809,80,0,<55></c><290>さ</c><274>い</c><250>こ</c><225>う</c><203>の</c><175>え</c><143>が</c><110>お</c><72>と</c><39>と</c><82>び</c><128>っ</c><167>き</c><235>り</c><179>し</c><75>あ</c><29>わ</c><12>せ</c><163>を</c><55></c>,せ
192.609,192.809,56,-1,<55></c><290>最</c><250>高</c><203>の</c><175>笑</c><143>顔</c><72>と</c><39>と</c><82>び</c><128>っ</c><167>き</c><235>り</c><179>幸</c><12>せ</c><163>を</c><55></c>,せ
192.809,193.577,80,0,<55></c><290>さ</c><274>い</c><250>こ</c><225>う</c><203>の</c><175>え</c><143>が</c><110>お</c><72>と</c><39>と</c><82>び</c><128>っ</c><167>き</c><235>り</c><179>し</c><75>あ</c><29>わ</c><12>せ</c><1>を</c><55></c>,を
192.809,193.577,56,-1,<55></c><290>最</c><250>高</c><203>の</c><175>笑</c><143>顔</c><72>と</c><39>と</c><82>び</c><128>っ</c><167>き</c><235>り</c><179>幸</c><12>せ</c><1>を</c><55></c>,を
193.577,193.777,-1,0,<55></c><290>だ</c><163>いすきなみんなへすこしくすぐったいけど</c><55></c>,だ
193.577,193.911,-1,-1,<55></c><290>大</c><163>好きなみんなへ少しくすぐったいけど</c><55></c>,大
193.777,193.911,-1,0,<55></c><290>だ</c><275>い</c><163>すきなみんなへすこしくすぐったいけど</c><55></c>,い
193.911,194.111,56,0,<55></c><290>だ</c><275>い</c><253>す</c><163>きなみんなへすこしくすぐったいけど</c><55></c>,す
193.911,194.111,-1,-1,<55></c><290>大</c><253>好</c><163>きなみんなへ少しくすぐったいけど</c><55></c>,好
194.111,194.244,58,0,<55></c><290>だ</c><275>い</c><253>す</c><228>き</c><163>なみんなへすこしくすぐったいけど</c><55></c>,き
194.111,194.244,-1,-1,<55></c><290>大</c><253>好</c><228>き</c><163>なみんなへ少しくすぐったいけど</c><55></c>,き
194.244,194.578,59,0,<55></c><290>だ</c><275>い</c><253>す</c><228>き</c><206>な</c><163>みんなへすこしくすぐったいけど</c><55></c>,な
194.244,194.578,-1,-1,<55></c><290>大</c><253>好</c><228>き</c><206>な</c><163>みんなへ少しくすぐったいけど</c><55></c>,な
194.578,194.878,61,0,<55></c><290>だ</c><275>い</c><253>す</c><228>き</c><206>な</c><185>み</c><163>んなへすこしくすぐったいけど</c><55></c>,み
194.578,194.878,-1,-1,<55></c><290>大</c><253>好</c><228>き</c><206>な</c><185>み</c><163>んなへ少しくすぐったいけど</c><55></c>,み
194.878,195.212,63,0,<55></c><290>だ</c><275>い</c><253>す</c><228>き</c><206>な</c><185>み</c><154>ん</c><163>なへすこしくすぐったいけど</c><55></c>,ん
194.878,195.212,-1,-1,<55></c><290>大</c><253>好</c><228>き</c><206>な</c><185>み</c><154>ん</c><163>なへ少しくすぐったいけど</c><55></c>,ん
195.212,195.412,64,0,<55></c><290>だ</c><275>い</c><253>す</c><228>き</c><206>な</c><185>み</c><154>ん</c><122>な</c><163>へすこしくすぐったいけど</c><55></c>,な
195.212,195.412,-1,-1,<55></c><290>大</c><253>好</c><228>き</c><206>な</c><185>み</c><154>ん</c><122>な</c><163>へ少しくすぐったいけど</c><55></c>,な
195.412,196.213,66,0,<55></c><290>だ</c><275>い</c><253>す</c><228>き</c><206>な</c><185>み</c><154>ん</c><122>な</c><88>へ</c><163>すこしくすぐったいけど</c><55></c>,へ
195.412,196.213,-1,-1,<55></c><290>大</c><253>好</c><228>き</c><206>な</c><185>み</c><154>ん</c><122>な</c><88>へ</c><163>少しくすぐったいけど</c><55></c>,へ
196.213,196.413,67,0,<55></c><290>だ</c><275>い</c><253>す</c><228>き</c><206>な</c><185>み</c><154>ん</c><122>な</c><88>へ</c><54>す</c><163>こしくすぐったいけど</c><55></c>,す
196.213,196.547,56,-1,<55></c><290>大</c><253>好</c><228>き</c><206>な</c><185>み</c><154>ん</c><122>な</c><88>へ</c><54>少</c><163>しくすぐったいけど</c><55></c>,少
196.413,196.547,69,0,<55></c><290>だ</c><275>い</c><253>す</c><228>き</c><206>な</c><185>み</c><154>ん</c><122>な</c><88>へ</c><54>す</c><60>こ</c><163>しくすぐったいけど</c><55></c>,こ
196.547,196.713,70,0,<55></c><290>だ</c><275>い</c><253>す</c><228>き</c><206>な</c><185>み</c><154>ん</c><122>な</c><88>へ</c><54>す</c><60>こ</c><102>し</c><163>くすぐったいけど</c><55></c>,し
196.547,196.713,58,-1,<55></c><290>大</c><253>好</c><228>き</c><206>な</c><185>み</c><154>ん</c><122>な</c><88>へ</c><54>少</c><102>し</c><163>くすぐったいけど</c><55></c>,し
196.713,196.847,72,0,<55></c><290>だ</c><275>い</c><253>す</c><228>き</c><206>な</c><185>み</c><154>ん</c><122>な</c><88>へ</c><54>す</c><60>こ</c><102>し</c><141>く</c><163>すぐったいけど</c><55></c>,く
196.713,196.847,59,-1,<55></c><290>大</c><253>好</c><228>き</c><206>な</c><185>み</c><154>ん</c><122>な</c><88>へ</c><54>少</c><102>し</c><141>く</c><163>すぐったいけど</c><55></c>,く
196.847,197.181,73,0,<55></c><290>だ</c><275>い</c><253>す</c><228>き</c><206>な</c><185>み</c><154>ん</c><122>な</c><88>へ</c><54>す</c><60>こ</c><102>し</c><141>く</c><180>す</c><163>ぐったいけど</c><55></c>,す
196.847,197.181,61,-1,<55></c><290>大</c><253>好</c><228>き</c><206>な</c><185>み</c><154>ん</c><122>な</c><88>へ</c><54>少</c><102>し</c><141>く</c><180>す</c><163>ぐったいけど</c><55></c>,す
197.181,197.314,75,0,<55></c><290>だ</c><275>い</c><253>す</c><228>き</c><206>な</c><185>み</c><154>ん</c><122>な</c><88>へ</c><54>す</c><60>こ</c><102>し</c><141>く</c><180>す</c><267>ぐ</c><163>ったいけど</c><55></c>,ぐ
197.181,197.314,63,-1,<55></c><290>大</c><253>好</c><228>き</c><206>な</c><185>み</c><154>ん</c><122>な</c><88>へ</c><54>少</c><102>し</c><141>く</c><180>す</c><267>ぐ</c><163>ったいけど</c><55></c>,ぐ
197.314,197.481,77,0,<55></c><290>だ</c><275>い</c><253>す</c><228>き</c><206>な</c><185>み</c><154>ん</c><122>な</c><88>へ</c><54>す</c><60>こ</c><102>し</c><141>く</c><180>す</c><267>ぐ</c><159>っ</c><163>たいけど</c><55></c>,っ
197.314,197.481,64,-1,<55></c><290>大</c><253>好</c><228>き</c><206>な</c><185>み</c><154>ん</c><122>な</c><88>へ</c><54>少</c><102>し</c><141>く</c><180>す</c><267>ぐ</c><159>っ</c><163>たいけど</c><55></c>,っ
197.481,197.714,78,0,<55></c><290>だ</c><275>い</c><253>す</c><228>き</c><206>な</c><185>み</c><154>ん</c><122>な</c><88>へ</c><54>す</c><60>こ</c><102>し</c><141>く</c><180>す</c><267>ぐ</c><159>っ</c><59>た</c><163>いけど</c><55></c>,た
197.481,197.714,66,-1,<55></c><290>大</c><253>好</c><228>き</c><206>な</c><185>み</c><154>ん</c><122>な</c><88>へ</c><54>少</c><102>し</c><141>く</c><180>す</c><267>ぐ</c><159>っ</c><59>た</c><163>いけど</c><55></c>,た
197.714,197.848,80,0,<55></c><290>だ</c><275>い</c><253>す</c><228>き</c><206>な</c><185>み</c><154>ん</c><122>な</c><88>へ</c><54>す</c><60>こ</c><102>し</c><141>く</c><180>す</c><267>ぐ</c><159>っ</c><59>た</c><28>い</c><163>けど</c><55></c>,い
197.714,197.848,67,-1,<55></c><290>大</c><253>好</c><228>き</c><206>な</c><185>み</c><154>ん</c><122>な</c><88>へ</c><54>少</c><102>し</c><141>く</c><180>す</c><267>ぐ</c><159>っ</c><59>た</c><28>い</c><163>けど</c><55></c>,い
197.848,198.048,81,0,<55></c><290>だ</c><275>い</c><253>す</c><228>き</c><206>な</c><185>み</c><154>ん</c><122>な</c><88>へ</c><54>す</c><60>こ</c><102>し</c><141>く</c><180>す</c><267>ぐ</c><159>っ</c><59>た</c><28>い</c><11>け</c><163>ど</c><55></c>,け
197.848,198.048,69,-1,<55></c><290>大</c><253>好</c><228>き</c><206>な</c><185>み</c><154>ん</c><122>な</c><88>へ</c><54>少</c><102>し</c><141>く</c><180>す</c><267>ぐ</c><159>っ</c><59>た</c><28>い</c><11>け</c><163>ど</c><55></c>,け
198.048,199.316,81,0,<55></c><290>だ</c><275>い</c><253>す</c><228>き</c><206>な</c><185>み</c><154>ん</c><122>な</c><88>へ</c><54>す</c><60>こ</c><102>し</c><141>く</c><180>す</c><267>ぐ</c><159>っ</c><59>た</c><28>い</c><11>け</c><1>ど</c><55></c>,ど
198.048,199.316,69,-1,<55></c><290>大</c><253>好</c><228>き</c><206>な</c><185>み</c><154>ん</c><122>な</c><88>へ</c><54>少</c><102>し</c><141>く</c><180>す</c><267>ぐ</c><159>っ</c><59>た</c><28>い</c><11>け</c><1>ど</c><55></c>,ど
199.316,199.483,-1,0,<55></c><290>い</c><163>つもありがとね</c><55></c>,い
199.316,199.483,-1,-1,<55></c><290>い</c><163>つもありがとね</c><55></c>,い
199.483,199.783,-1,0,<55></c><290>い</c><236>つ</c><163>もありがとね</c><55></c>,つ
199.483,199.783,-1,-1,<55></c><290>い</c><236>つ</c><163>もありがとね</c><55></c>,つ
199.783,200.117,-1,0,<55></c><290>い</c><236>つ</c><169>も</c><163>ありがとね</c><55></c>,も
199.783,200.117,-1,-1,<55></c><290>い</c><236>つ</c><169>も</c><163>ありがとね</c><55></c>,も
200.117,200.45,-1,0,<55></c><290>い</c><236>つ</c><169>も</c><83>あ</c><163>りがとね</c><55></c>,あ
200.117,200.45,-1,-1,<55></c><290>い</c><236>つ</c><169>も</c><83>あ</c><163>りがとね</c><55></c>,あ
200.45,200.784,-1,0,<55></c><290>い</c><236>つ</c><169>も</c><83>あ</c><97>り</c><163>がとね</c><55></c>,り
200.45,200.784,-1,-1,<55></c><290>い</c><236>つ</c><169>も</c><83>あ</c><97>り</c><163>がとね</c><55></c>,り
200.784,201.285,-1,0,<55></c><290>い</c><236>つ</c><169>も</c><83>あ</c><97>り</c><220>が</c><163>とね</c><55></c>,が
200.784,201.285,-1,-1,<55></c><290>い</c><236>つ</c><169>も</c><83>あ</c><97>り</c><220>が</c><163>とね</c><55></c>,が
201.285,201.418,-1,0,<55></c><290>い</c><236>つ</c><169>も</c><83>あ</c><97>り</c><220>が</c><38>と</c><163>ね</c><55></c>,と
201.285,201.418,-1,-1,<55></c><290>い</c><236>つ</c><169>も</c><83>あ</c><97>り</c><220>が</c><38>と</c><163>ね</c><55></c>,と
201.418,202.052,-1,0,<55></c><290>い</c><236>つ</c><169>も</c><83>あ</c><97>り</c><220>が</c><38>と</c><1>ね</c><55></c>,ね
201.418,202.052,-1,-1,<55></c><290>い</c><236>つ</c><169>も</c><83>あ</c><97>り</c><220>が</c><38>と</c><1>ね</c><55></c>,ね
202.052,202.719,61,0,<55></c><290>は</c><163>るかみらいのさきへこれからもいっしょだよ</c><55></c>,は
202.052,203.353,-1,-1,<55></c><290>遥</c><163>か未来の先へこれからも一緒だよ</c><55></c>,遥
202.719,203.353,63,0,<55></c><290>は</c><275>る</c><163>かみらいのさきへこれからもいっしょだよ</c><55></c>,る
203.353,203.987,64,0,<55></c><290>は</c><275>る</c><253>か</c><163>みらいのさきへこれからもいっしょだよ</c><55></c>,か
203.353,203.987,-1,-1,<55></c><290>遥</c><253>か</c><163>未来の先へこれからも一緒だよ</c><55></c>,か
203.987,204.655,66,0,<55></c><290>は</c><275>る</c><253>か</c><228>み</c><163>らいのさきへこれからもいっしょだよ</c><55></c>,み
203.987,204.655,-1,-1,<55></c><290>遥</c><253>か</c><228>未</c><163>来の先へこれからも一緒だよ</c><55></c>,未
204.655,205.088,67,0,<55></c><290>は</c><275>る</c><253>か</c><228>み</c><206>ら</c><163>いのさきへこれからもいっしょだよ</c><55></c>,ら
204.655,205.289,-1,-1,<55></c><290>遥</c><253>か</c><228>未</c><206>来</c><163>の先へこれからも一緒だよ</c><55></c>,来
205.088,205.289,69,0,<55></c><290>は</c><275>る</c><253>か</c><228>み</c><206>ら</c><185>い</c><163>のさきへこれからもいっしょだよ</c><55></c>,い
205.289,205.989,70,0,<55></c><290>は</c><275>る</c><253>か</c><228>み</c><206>ら</c><185>い</c><154>の</c><163>さきへこれからもいっしょだよ</c><55></c>,の
205.289,205.989,-1,-1,<55></c><290>遥</c><253>か</c><228>未</c><206>来</c><154>の</c><163>先へこれからも一緒だよ</c><55></c>,の
205.989,206.623,72,0,<55></c><290>は</c><275>る</c><253>か</c><228>み</c><206>ら</c><185>い</c><154>の</c><122>さ</c><163>きへこれからもいっしょだよ</c><55></c>,さ
205.989,207.291,-1,-1,<55></c><290>遥</c><253>か</c><228>未</c><206>来</c><154>の</c><122>先</c><163>へこれからも一緒だよ</c><55></c>,先
206.623,207.291,73,0,<55></c><290>は</c><275>る</c><253>か</c><228>み</c><206>ら</c><185>い</c><154>の</c><122>さ</c><88>き</c><163>へこれからもいっしょだよ</c><55></c>,き
207.291,208.458,75,0,<55></c><290>は</c><275>る</c><253>か</c><228>み</c><206>ら</c><185>い</c><154>の</c><122>さ</c><88>き</c><54>へ</c><163>これからもいっしょだよ</c><55></c>,へ
207.291,208.458,-1,-1,<55></c><290>遥</c><253>か</c><228>未</c><206>来</c><154>の</c><122>先</c><54>へ</c><163>これからも一緒だよ</c><55></c>,へ
208.458,208.592,77,0,<55></c><290>は</c><275>る</c><253>か</c><228>み</c><206>ら</c><185>い</c><154>の</c><122>さ</c><88>き</c><54>へ</c><60>こ</c><163>れからもいっしょだよ</c><55></c>,こ
208.458,208.592,-1,-1,<55></c><290>遥</c><253>か</c><228>未</c><206>来</c><154>の</c><122>先</c><54>へ</c><60>こ</c><163>れからも一緒だよ</c><55></c>,こ
208.592,208.892,78,0,<55></c><290>は</c><275>る</c><253>か</c><228>み</c><206>ら</c><185>い</c><154>の</c><122>さ</c><88>き</c><54>へ</c><60>こ</c><102>れ</c><163>からもいっしょだよ</c><55></c>,れ
208.592,208.892,-1,-1,<55></c><290>遥</c><253>か</c><228>未</c><206>来</c><154>の</c><122>先</c><54>へ</c><60>こ</c><102>れ</c><163>からも一緒だよ</c><55></c>,れ
208.892,209.226,80,0,<55></c><290>は</c><275>る</c><253>か</c><228>み</c><206>ら</c><185>い</c><154>の</c><122>さ</c><88>き</c><54>へ</c><60>こ</c><102>れ</c><141>か</c><163>らもいっしょだよ</c><55></c>,か
208.892,209.226,-1,-1,<55></c><290>遥</c><253>か</c><228>未</c><206>来</c><154>の</c><122>先</c><54>へ</c><60>こ</c><102>れ</c><141>か</c><163>らも一緒だよ</c><55></c>,か
209.226,209.56,81,0,<55></c><290>は</c><275>る</c><253>か</c><228>み</c><206>ら</c><185>い</c><154>の</c><122>さ</c><88>き</c><54>へ</c><60>こ</c><102>れ</c><141>か</c><180>ら</c><163>もいっしょだよ</c><55></c>,ら
209.226,209.56,56,-1,<55></c><290>遥</c><253>か</c><228>未</c><206>来</c><154>の</c><122>先</c><54>へ</c><60>こ</c><102>れ</c><141>か</c><180>ら</c><163>も一緒だよ</c><55></c>,ら
209.56,209.893,83,0,<55></c><290>は</c><275>る</c><253>か</c><228>み</c><206>ら</c><185>い</c><154>の</c><122>さ</c><88>き</c><54>へ</c><60>こ</c><102>れ</c><141>か</c><180>ら</c><267>も</c><163>いっしょだよ</c><55></c>,も
209.56,209.893,58,-1,<55></c><290>遥</c><253>か</c><228>未</c><206>来</c><154>の</c><122>先</c><54>へ</c><60>こ</c><102>れ</c><141>か</c><180>ら</c><267>も</c><163>一緒だよ</c><55></c>,も
209.893,210.494,84,0,<55></c><290>は</c><275>る</c><253>か</c><228>み</c><206>ら</c><185>い</c><154>の</c><122>さ</c><88>き</c><54>へ</c><60>こ</c><102>れ</c><141>か</c><180>ら</c><267>も</c><159>い</c><163>っしょだよ</c><55></c>,い
209.893,210.727,59,-1,<55></c><290>遥</c><253>か</c><228>未</c><206>来</c><154>の</c><122>先</c><54>へ</c><60>こ</c><102>れ</c><141>か</c><180>ら</c><267>も</c><159>一</c><163>緒だよ</c><55></c>,一
210.494,210.727,86,0,<55></c><290>は</c><275>る</c><253>か</c><228>み</c><206>ら</c><185>い</c><154>の</c><122>さ</c><88>き</c><54>へ</c><60>こ</c><102>れ</c><141>か</c><180>ら</c><267>も</c><159>い</c><59>っ</c><163>しょだよ</c><55></c>,っ
210.727,210.861,88,0,<55></c><290>は</c><275>る</c><253>か</c><228>み</c><206>ら</c><185>い</c><154>の</c><122>さ</c><88>き</c><54>へ</c><60>こ</c><102>れ</c><141>か</c><180>ら</c><267>も</c><159>い</c><59>っ</c><28>しょ</c><163>だよ</c><55></c>,しょ
210.727,210.861,61,-1,<55></c><290>遥</c><253>か</c><228>未</c><206>来</c><154>の</c><122>先</c><54>へ</c><60>こ</c><102>れ</c><141>か</c><180>ら</c><267>も</c><159>一</c><28>緒</c><163>だよ</c><55></c>,緒
210.861,211.061,89,0,<55></c><290>は</c><275>る</c><253>か</c><228>み</c><206>ら</c><185>い</c><154>の</c><122>さ</c><88>き</c><54>へ</c><60>こ</c><102>れ</c><141>か</c><180>ら</c><267>も</c><159>い</c><59>っ</c><28>しょ</c><11>だ</c><163>よ</c><55></c>,だ
210.861,211.061,63,-1,<55></c><290>遥</c><253>か</c><228>未</c><206>来</c><154>の</c><122>先</c><54>へ</c><60>こ</c><102>れ</c><141>か</c><180>ら</c><267>も</c><159>一</c><28>緒</c><11>だ</c><163>よ</c><55></c>,だ
211.061,211.862,89,0,<55></c><290>は</c><275>る</c><253>か</c><228>み</c><206>ら</c><185>い</c><154>の</c><122>さ</c><88>き</c><54>へ</c><60>こ</c><102>れ</c><141>か</c><180>ら</c><267>も</c><159>い</c><59>っ</c><28>しょ</c><11>だ</c><1>よ</c><55></c>,よ
211.061,211.862,63,-1,<55></c><290>遥</c><253>か</c><228>未</c><206>来</c><154>の</c><122>先</c><54>へ</c><60>こ</c><102>れ</c><141>か</c><180>ら</c><267>も</c><159>一</c><28>緒</c><11>だ</c><1>よ</c><55></c>,よ
211.862,212.062,-1,0,<55></c><290>お</c><163>もいっきりわらおうてをつなぎうたおう</c><55></c>,お
211.862,212.196,-1,-1,<55></c><290>思</c><163>いっきり笑おう手を繋ぎ歌おう</c><55></c>,思
212.062,212.196,-1,0,<55></c><290>お</c><274>も</c><163>いっきりわらおうてをつなぎうたおう</c><55></c>,も
212.196,212.329,-1,0,<55></c><290>お</c><274>も</c><250>い</c><163>っきりわらおうてをつなぎうたおう</c><55></c>,い
212.196,212.329,-1,-1,<55></c><290>思</c><250>い</c><163>っきり笑おう手を繋ぎ歌おう</c><55></c>,い
212.329,212.396,56,0,<55></c><290>お</c><274>も</c><250>い</c><225>っ</c><163>きりわらおうてをつなぎうたおう</c><55></c>,っ
212.329,212.396,-1,-1,<55></c><290>思</c><250>い</c><225>っ</c><163>きり笑おう手を繋ぎ歌おう</c><55></c>,っ
212.396,212.529,58,0,<55></c><290>お</c><274>も</c><250>い</c><225>っ</c><203>き</c><163>りわらおうてをつなぎうたおう</c><55></c>,き
212.396,212.529,-1,-1,<55></c><290>思</c><250>い</c><225>っ</c><203>き</c><163>り笑おう手を繋ぎ歌おう</c><55></c>,き
212.529,212.829,59,0,<55></c><290>お</c><274>も</c><250>い</c><225>っ</c><203>き</c><175>り</c><163>わらおうてをつなぎうたおう</c><55></c>,り
212.529,212.829,-1,-1,<55></c><290>思</c><250>い</c><225>っ</c><203>き</c><175>り</c><163>笑おう手を繋ぎ歌おう</c><55></c>,り
212.829,213.163,61,0,<55></c><290>お</c><274>も</c><250>い</c><225>っ</c><203>き</c><175>り</c><143>わ</c><163>らおうてをつなぎうたおう</c><55></c>,わ
212.829,213.497,-1,-1,<55></c><290>思</c><250>い</c><225>っ</c><203>き</c><175>り</c><143>笑</c><163>おう手を繋ぎ歌おう</c><55></c>,笑
213.163,213.497,63,0,<55></c><290>お</c><274>も</c><250>い</c><225>っ</c><203>き</c><175>り</c><143>わ</c><110>ら</c><163>おうてをつなぎうたおう</c><55></c>,ら
213.497,213.697,64,0,<55></c><290>お</c><274>も</c><250>い</c><225>っ</c><203>き</c><175>り</c><143>わ</c><110>ら</c><72>お</c><163>うてをつなぎうたおう</c><55></c>,お
213.497,213.697,-1,-1,<55></c><290>思</c><250>い</c><225>っ</c><203>き</c><175>り</c><143>笑</c><72>お</c><163>う手を繋ぎ歌おう</c><55></c>,お
213.697,214.464,66,0,<55></c><290>お</c><274>も</c><250>い</c><225>っ</c><203>き</c><175>り</c><143>わ</c><110>ら</c><72>お</c><39>う</c><163>てをつなぎうたおう</c><55></c>,う
213.697,214.464,-1,-1,<55></c><290>思</c><250>い</c><225>っ</c><203>き</c><175>り</c><143>笑</c><72>お</c><39>う</c><163>手を繋ぎ歌おう</c><55></c>,う
214.464,214.665,67,0,<55></c><290>お</c><274>も</c><250>い</c><225>っ</c><203>き</c><175>り</c><143>わ</c><110>ら</c><72>お</c><39>う</c><82>て</c><163>をつなぎうたおう</c><55></c>,て
214.464,214.665,-1,-1,<55></c><290>思</c><250>い</c><225>っ</c><203>き</c><175>り</c><143>笑</c><72>お</c><39>う</c><82>手</c><163>を繋ぎ歌おう</c><55></c>,手
214.665,214.798,69,0,<55></c><290>お</c><274>も</c><250>い</c><225>っ</c><203>き</c><175>り</c><143>わ</c><110>ら</c><72>お</c><39>う</c><82>て</c><128>を</c><163>つなぎうたおう</c><55></c>,を
214.665,214.798,-1,-1,<55></c><290>思</c><250>い</c><225>っ</c><203>き</c><175>り</c><143>笑</c><72>お</c><39>う</c><82>手</c><128>を</c><163>繋ぎ歌おう</c><55></c>,を
214.798,214.998,70,0,<55></c><290>お</c><274>も</c><250>い</c><225>っ</c><203>き</c><175>り</c><143>わ</c><110>ら</c><72>お</c><39>う</c><82>て</c><128>を</c><167>つ</c><163>なぎうたおう</c><55></c>,つ
214.798,215.132,-1,-1,<55></c><290>思</c><250>い</c><225>っ</c><203>き</c><175>り</c><143>笑</c><72>お</c><39>う</c><82>手</c><128>を</c><167>繋</c><163>ぎ歌おう</c><55></c>,繋
214.998,215.132,72,0,<55></c><290>お</c><274>も</c><250>い</c><225>っ</c><203>き</c><175>り</c><143>わ</c><110>ら</c><72>お</c><39>う</c><82>て</c><128>を</c><167>つ</c><235>な</c><163>ぎうたおう</c><55></c>,な
215.132,215.432,73,0,<55></c><290>お</c><274>も</c><250>い</c><225>っ</c><203>き</c><175>り</c><143>わ</c><110>ら</c><72>お</c><39>う</c><82>て</c><128>を</c><167>つ</c><235>な</c><179>ぎ</c><163>うたおう</c><55></c>,ぎ
215.132,215.432,56,-1,<55></c><290>思</c><250>い</c><225>っ</c><203>き</c><175>り</c><143>笑</c><72>お</c><39>う</c><82>手</c><128>を</c><167>繋</c><179>ぎ</c><163>歌おう</c><55></c>,ぎ
215.432,215.766,75,0,<55></c><290>お</c><274>も</c><250>い</c><225>っ</c><203>き</c><175>り</c><143>わ</c><110>ら</c><72>お</c><39>う</c><82>て</c><128>を</c><167>つ</c><235>な</c><179>ぎ</c><75>う</c><163>たおう</c><55></c>,う
215.432,216.099,58,-1,<55></c><290>思</c><250>い</c><225>っ</c><203>き</c><175>り</c><143>笑</c><72>お</c><39>う</c><82>手</c><128>を</c><167>繋</c><179>ぎ</c><75>歌</c><163>おう</c><55></c>,歌
215.766,216.099,77,0,<55></c><290>お</c><274>も</c><250>い</c><225>っ</c><203>き</c><175>り</c><143>わ</c><110>ら</c><72>お</c><39>う</c><82>て</c><128>を</c><167>つ</c><235>な</c><179>ぎ</c><75>う</c><29>た</c><163>おう</c><55></c>,た
216.099,216.533,78,0,<55></c><290>お</c><274>も</c><250>い</c><225>っ</c><203>き</c><175>り</c><143>わ</c><110>ら</c><72>お</c><39>う</c><82>て</c><128>を</c><167>つ</c><235>な</c><179>ぎ</c><75>う</c><29>た</c><12>お</c><163>う</c><55></c>,お
216.099,216.533,59,-1,<55></c><290>思</c><250>い</c><225>っ</c><203>き</c><175>り</c><143>笑</c><72>お</c><39>う</c><82>手</c><128>を</c><167>繋</c><179>ぎ</c><75>歌</c><12>お</c><163>う</c><55></c>,お
216.533,217.034,78,0,<55></c><290>お</c><274>も</c><250>い</c><225>っ</c><203>き</c><175>り</c><143>わ</c><110>ら</c><72>お</c><39>う</c><82>て</c><128>を</c><167>つ</c><235>な</c><179>ぎ</c><75>う</c><29>た</c><12>お</c><1>う</c><55></c>,う
216.533,217.034,59,-1,<55></c><290>思</c><250>い</c><225>っ</c><203>き</c><175>り</c><143>笑</c><72>お</c><39>う</c><82>手</c><128>を</c><167>繋</c><179>ぎ</c><75>歌</c><12>お</c><1>う</c><55></c>,う
217.034,217.401,-1,0,<55></c><290>こ</c><163>のいっしゅんがいつまでもだいすき</c><55></c>,こ
217.034,217.401,-1,-1,<55></c><290>こ</c><163>の一瞬がいつまでも大好き</c><55></c>,こ
217.401,217.701,-1,0,<55></c><290>こ</c><271>の</c><163>いっしゅんがいつまでもだいすき</c><55></c>,の
217.401,217.701,-1,-1,<55></c><290>こ</c><269>の</c><163>一瞬がいつまでも大好き</c><55></c>,の
217.701,218.035,-1,0,<55></c><290>こ</c><271>の</c><243>い</c><163>っしゅんがいつまでもだいすき</c><55></c>,い
217.701,218.368,-1,-1,<55></c><290>こ</c><269>の</c><239>一</c><163>瞬がいつまでも大好き</c><55></c>,一
218.035,218.368,-1,0,<55></c><290>こ</c><271>の</c><243>い</c><214>っ</c><163>しゅんがいつまでもだいすき</c><55></c>,っ
218.368,218.702,56,0,<55></c><290>こ</c><271>の</c><243>い</c><214>っ</c><192>し</c><157>ゅ</c><163>んがいつまでもだいすき</c><55></c>,しゅ
218.368,218.902,-1,-1,<55></c><290>こ</c><269>の</c><239>一</c><181>瞬</c><163>がいつまでも大好き</c><55></c>,瞬
218.702,218.902,58,0,<55></c><290>こ</c><271>の</c><243>い</c><214>っ</c><192>し</c><157>ゅ</c><118>ん</c><163>がいつまでもだいすき</c><55></c>,ん
218.902,220.204,59,0,<55></c><290>こ</c><271>の</c><243>い</c><214>っ</c><192>し</c><157>ゅ</c><118>ん</c><77>が</c><163>いつまでもだいすき</c><55></c>,が
218.902,220.204,-1,-1,<55></c><290>こ</c><269>の</c><239>一</c><181>瞬</c><103>が</c><163>いつまでも大好き</c><55></c>,が
220.204,220.337,61,0,<55></c><290>こ</c><271>の</c><243>い</c><214>っ</c><192>し</c><157>ゅ</c><118>ん</c><77>が</c><39>い</c><163>つまでもだいすき</c><55></c>,い
220.204,220.337,-1,-1,<55></c><290>こ</c><269>の</c><239>一</c><181>瞬</c><103>が</c><58>い</c><163>つまでも大好き</c><55></c>,い
220.337,220.637,63,0,<55></c><290>こ</c><271>の</c><243>い</c><214>っ</c><192>し</c><157>ゅ</c><118>ん</c><77>が</c><39>い</c><86>つ</c><163>までもだいすき</c><55></c>,つ
220.337,220.637,-1,-1,<55></c><290>こ</c><269>の</c><239>一</c><181>瞬</c><103>が</c><58>い</c><64>つ</c><163>までも大好き</c><55></c>,つ
220.637,220.971,64,0,<55></c><290>こ</c><271>の</c><243>い</c><214>っ</c><192>し</c><157>ゅ</c><118>ん</c><77>が</c><39>い</c><86>つ</c><137>ま</c><163>でもだいすき</c><55></c>,ま
220.637,220.971,-1,-1,<55></c><290>こ</c><269>の</c><239>一</c><181>瞬</c><103>が</c><58>い</c><64>つ</c><119>ま</c><163>でも大好き</c><55></c>,ま
220.971,221.271,66,0,<55></c><290>こ</c><271>の</c><243>い</c><214>っ</c><192>し</c><157>ゅ</c><118>ん</c><77>が</c><39>い</c><86>つ</c><137>ま</c><182>で</c><163>もだいすき</c><55></c>,で
220.971,221.271,-1,-1,<55></c><290>こ</c><269>の</c><239>一</c><181>瞬</c><103>が</c><58>い</c><64>つ</c><119>ま</c><167>で</c><163>も大好き</c><55></c>,で
221.271,221.605,67,0,<55></c><290>こ</c><271>の</c><243>い</c><214>っ</c><192>し</c><157>ゅ</c><118>ん</c><77>が</c><39>い</c><86>つ</c><137>ま</c><182>で</c><307>も</c><163>だいすき</c><55></c>,も
221.271,221.605,-1,-1,<55></c><290>こ</c><269>の</c><239>一</c><181>瞬</c><103>が</c><58>い</c><64>つ</c><119>ま</c><167>で</c><261>も</c><163>大好き</c><55></c>,も
221.605,222.306,69,0,<55></c><290>こ</c><271>の</c><243>い</c><214>っ</c><192>し</c><157>ゅ</c><118>ん</c><77>が</c><39>い</c><86>つ</c><137>ま</c><182>で</c><307>も</c><117>だ</c><163>いすき</c><55></c>,だ
221.605,222.639,-1,-1,<55></c><290>こ</c><269>の</c><239>一</c><181>瞬</c><103>が</c><58>い</c><64>つ</c><119>ま</c><167>で</c><261>も</c><139>大</c><163>好き</c><55></c>,大
222.306,222.639,70,0,<55></c><290>こ</c><271>の</c><243>い</c><214>っ</c><192>し</c><157>ゅ</c><118>ん</c><77>が</c><39>い</c><86>つ</c><137>ま</c><182>で</c><307>も</c><117>だ</c><32>い</c><163>すき</c><55></c>,い
222.639,222.873,72,0,<55></c><290>こ</c><271>の</c><243>い</c><214>っ</c><192>し</c><157>ゅ</c><118>ん</c><77>が</c><39>い</c><86>つ</c><137>ま</c><182>で</c><307>も</c><117>だ</c><32>い</c><14>す</c><163>き</c><55></c>,す
222.639,222.873,-1,-1,<55></c><290>こ</c><269>の</c><239>一</c><181>瞬</c><103>が</c><58>い</c><64>つ</c><119>ま</c><167>で</c><261>も</c><139>大</c><16>好</c><163>き</c><55></c>,好
222.873,225.209,72,0,<55></c><290>こ</c><271>の</c><243>い</c><214>っ</c><192>し</c><157>ゅ</c><118>ん</c><77>が</c><39>い</c><86>つ</c><137>ま</c><182>で</c><307>も</c><117>だ</c><32>い</c><14>す</c><1>き</c><55></c>,き
222.873,225.209,-1,-1,<55></c><290>こ</c><269>の</c><239>一</c><181>瞬</c><103>が</c><58>い</c><64>つ</c><119>ま</c><167>で</c><261>も</c><139>大</c><16>好</c><1>き</c><55></c>,き
228.145,230.747,98,0,<55></c><290>s</c><283>o</c><269>u</c><256>n</c><239>d</c><225>d</c><212>i</c><197>r</c><181>e</c><164>c</c><143>t</c><121>e</c><103>d</c><81>b</c><58>y</c><39>小</c><64>濱</c><91>信</c><119>慶</c><142>（</c><167>a</c><191>r</c><261>t</c><208>e</c><139>r</c><75>e</c><35>f</c><25>a</c><16>c</c><4>t</c><1>）</c><55></c>,sounddirectedby小濱信慶（arterefact）
230.747,233.417,98,0,<55></c><290>s</c><283>o</c><266>u</c><254>n</c><237>d</c><224>p</c><207>r</c><194>o</c><174>d</c><156>u</c><138>c</c><116>e</c><92>d</c><71>b</c><46>y</c><49>桑</c><80>原</c><107>聖</c><136>（</c><160>a</c><184>r</c><240>t</c><252>e</c><150>r</c><85>e</c><37>f</c><27>a</c><17>c</c><5>t</c><1>）</c><55></c>,soundproducedby桑原聖（arterefact）
